Date,Open,High,Low,Close,Volume
05/27/2021,118.47332287279623,118.47332287279623,116.84726630527486,117.16563415527344,35224000
05/28/2021,117.74780349844944,117.82962388795198,116.67814548675338,116.87650299072266,21482000
06/01/2021,117.74881041841671,118.3076907432192,116.74907000230994,118.08304595947266,23354000
06/02/2021,118.47826328360749,118.70092552390956,116.65384186131058,117.55787658691406,21158000
06/03/2021,116.3250761646754,116.88494774617168,115.52121891925472,116.41681671142578,18696000
06/04/2021,117.49241971560096,118.96822109902912,117.15222909034824,118.69745635986328,24458000
06/07/2021,118.49265941789501,119.2399846738455,118.07412155900927,119.13038635253906,24120000
06/08/2021,119.61191557625074,119.98433347180782,118.75747389251524,118.93897247314453,24240000
06/09/2021,119.58314905326921,119.65504930518125,118.86260289582098,119.41007995605469,17942000
06/10/2021,119.35949314078805,120.801576684723,119.20378241102719,120.75843048095703,25904000
06/11/2021,120.999943051101,121.08523664008776,119.95656455587336,120.51396179199219,21958000
06/14/2021,120.61610768688743,121.44227956527116,119.90895486343989,121.44178771972656,22098000
06/15/2021,121.44624178709292,121.76907406138305,120.06367156009478,120.4241943359375,21562000
06/16/2021,120.5754393849675,120.88686840654948,118.49067266185558,119.7824935913086,26472000
06/17/2021,119.7081134975645,121.51815047385836,119.51223033742086,120.74553680419922,25842000
06/18/2021,120.37212004101573,120.60618554839238,119.03120533837755,119.12641906738281,46116000
06/21/2021,119.51272322906476,120.99992784761416,118.91565304746868,120.81396484375,27414000
06/22/2021,120.75198899495656,121.39666231815684,120.07161525109758,121.32772827148438,22390000
06/23/2021,121.09266658134959,122.08645184131146,120.83579457394919,121.12589263916016,19148000
06/24/2021,121.69418422787221,122.04676934961249,121.29746921451058,121.4958267211914,21362000
06/25/2021,120.99993398696205,121.62774832820787,120.5685022175003,121.50426483154297,34594000
06/28/2021,121.67288132884134,121.77851462630447,120.41032128479314,121.53155517578125,28526000
06/29/2021,121.66493508583213,122.01256393063309,120.69346452054683,121.27019500732422,23108000
06/30/2021,120.99447687115277,121.2548296268427,120.35972373185534,121.08869934082031,24474000
07/01/2021,120.72718855138434,121.58212203987887,120.53527798763021,121.4407958984375,18110000
07/02/2021,122.14052074770464,124.3760421604454,122.05076271213034,124.23074340820312,25982000
07/06/2021,124.61852879829608,125.39164190205774,123.56126516970392,125.15559387207031,26404000
07/07/2021,126.11963498147594,126.24062899525266,125.11890325477182,125.43727111816406,24060000
07/08/2021,123.0093289727932,124.56595957690325,123.005363941043,124.01898193359375,23790000
07/09/2021,124.00013909575392,124.70381872081973,123.53051741103474,124.48959350585938,18632000
07/12/2021,125.14369092382793,126.02788545144588,124.581337423186,125.93465423583984,17668000
07/13/2021,125.99713556323269,127.00777981268853,125.63612092477611,126.29765319824219,19240000
07/14/2021,126.90908636567568,128.266375645742,126.86594016488215,127.18579864501953,23742000
07/15/2021,127.59443383506836,127.64501069030976,125.49280054236102,125.96390533447266,24218000
07/16/2021,126.61651165592089,126.763792905859,125.11938685402984,125.92919158935547,20424000
07/19/2021,125.05590815567551,125.17046276091699,122.49259090531656,123.55680084228516,27968000
07/20/2021,124.49851812065599,126.00159811872851,123.33117189440424,125.17493438720703,26312000
07/21/2021,125.09956240900131,126.55007557282694,124.99046349148195,126.50346374511719,20746000
07/22/2021,126.79603176039008,127.42979365327596,126.45385860301083,127.36878967285156,14302000
07/23/2021,129.36131958948965,132.3054917449223,128.73649417322727,131.9246368408203,41506000
07/26/2021,132.2355886482273,133.13663460885186,131.2169991619108,132.93629455566406,30572000
07/27/2021,133.1500131960715,133.29729444563313,129.0375036233096,130.8187713623047,54710000
07/28/2021,135.19463941441848,137.1633688639406,134.1686191476069,134.97842407226562,95130000
07/29/2021,135.03393383670254,135.54074659888502,134.43191491467985,134.66448974609375,31716000
07/30/2021,133.92807412606015,134.19536566595704,133.1544692717714,133.62210083007812,25576000
08/02/2021,134.00942969336194,134.22712811804664,132.69727646334016,133.74908447265625,21634000
08/03/2021,134.02726631580427,134.61937271017896,132.22665752851483,134.51821899414062,20762000
08/04/2021,134.24000035779645,134.53754419070725,133.38456751331833,134.01783752441406,19676000
08/05/2021,134.56827929751879,135.2323009960872,133.74061681615711,135.1345977783203,17870000
08/06/2021,134.92681801926122,135.35378528959424,134.10163752154108,134.62579345703125,20488000
08/09/2021,134.82817610727474,136.05950030562684,134.23010694814005,135.79071044921875,17760000
08/10/2021,136.21618040832792,136.64316290986423,135.2466997947702,135.68557739257812,19414000
08/11/2021,136.05700947405194,136.55389460315365,135.15446522499255,135.1619110107422,15352000
08/12/2021,134.86087941942685,136.17453085667606,134.3153999728154,136.06939697265625,16506000
08/13/2021,136.12493157350525,136.72646625528014,135.90971509193332,136.5985107421875,15948000
08/16/2021,136.39766610111587,137.22830997813796,134.18991525462013,137.1757354736328,22384000
08/17/2021,136.62083810095478,137.13211535901215,134.96651172789996,135.541259765625,21716000
08/18/2021,135.38106359666662,135.98061569212976,134.21222682101478,134.33868408203125,19258000
08/19/2021,133.33350458588953,135.234782779033,133.1495240793781,134.5677947998047,21782000
08/20/2021,134.8851768373789,136.42643919078785,134.1413247592316,136.30296325683594,31194000
08/23/2021,136.83853312618544,139.71971902868404,136.47950099945666,138.8935546875,28454000
08/24/2021,139.45886528917006,140.9153334065435,139.1881081082897,140.10354614257812,19268000
08/25/2021,140.46407912749783,141.02395074867366,140.21712723901703,140.9143524169922,15848000
08/26/2021,140.58805446280763,141.2500786299819,140.19827061437374,140.28109741210938,20610000
08/27/2021,140.49133697664018,143.3278934785733,140.3371093469741,142.8235626220703,28780000
08/30/2021,143.2163138187646,144.77395084299167,142.98125704674328,143.40525817871094,24434000
08/31/2021,143.9571917138558,143.98148131585134,143.0982932268432,143.51136779785156,22448000
09/01/2021,143.8113978553602,145.05511631686906,143.69585198821633,144.02513122558594,21936000
09/02/2021,144.02564581736442,144.32665531830855,142.0112884210009,142.11245727539062,32342000
09/03/2021,141.90763889729274,142.9733244158988,141.23320515681903,142.5612335205078,19850000
09/07/2021,142.65545041675884,143.37996157191282,142.44171705325797,143.09779357910156,20124000
09/08/2021,142.91879692732815,143.2163256757529,141.8278077374024,142.5131378173828,18344000
09/09/2021,142.66140907531098,143.12755759724692,142.0038493948319,142.36436462402344,15314000
09/10/2021,143.03035897692502,143.5322230716602,139.5843526495749,139.72122192382812,36840000
09/13/2021,140.7859154673757,141.77821775342676,140.09215589506022,141.16578674316406,22094000
09/14/2021,141.8233140691481,142.18780941142742,140.58802520414704,141.37600708007812,19674000
09/15/2021,141.60116132377672,143.2663989340108,140.18883824930154,143.24557495117188,27408000
09/16/2021,142.77050902430236,143.1171466443425,141.23421048693598,142.43280029296875,26190000
09/17/2021,141.8580435231661,142.27409944382737,139.31853152816512,139.6458282470703,53384000
09/20/2021,137.028942390243,137.86056989011584,135.2045285382964,137.58236694335938,46518000
09/21/2021,138.60394429145055,138.86380522550456,137.1445098358899,137.89332580566406,25332000
09/22/2021,138.16208194134197,139.73209820488628,137.41574800022835,139.133544921875,25056000
09/23/2021,139.83179860304818,140.534986416547,139.25060362210317,140.0584259033203,20952000
09/24/2021,139.38648419130865,141.16380230179908,139.09142223509036,141.0492401123047,22984000
09/27/2021,139.6502641264757,140.7749708625118,138.91930614388005,139.9155731201172,21882000
09/28/2021,137.5184232831249,137.95630206318702,134.25043470064762,134.71658325195312,45772000
09/29/2021,135.8571164274214,136.02671987866174,132.76766100224003,133.2521514892578,30848000
09/30/2021,133.16094144275186,134.43143155227392,132.46121921545426,132.58023071289062,37996000
10/01/2021,133.3453939422307,135.7882166913334,132.97396732571667,135.42372131347656,35360000
10/04/2021,134.84597552340657,134.84597552340657,129.97573673510337,132.5638427734375,51202000
10/05/2021,132.94224164734214,136.09964809191845,132.94224164734214,134.90798950195312,32404000
10/06/2021,133.64542025587158,136.62082849904496,133.44706273306846,136.43734741210938,24364000
10/07/2021,137.75347740127893,138.89405973958108,137.51445558203253,138.08375549316406,25110000
10/08/2021,138.4328463076523,139.1806633910254,138.07629612988345,138.6396484375,26526000
10/11/2021,138.15019117218512,139.55854921153343,137.72072679461957,137.77528381347656,17954000
10/12/2021,138.33665033617203,138.3634370023765,134.64714270868552,135.33050537109375,36332000
10/13/2021,136.27619065855683,136.86879650740957,135.39993366753524,136.4542236328125,19654000
10/14/2021,138.33068721492134,140.17890644011712,137.68700521186503,139.9939422607422,31894000
10/15/2021,140.4536525487432,140.55630449662968,139.60120099035484,140.20916748046875,30274000
10/18/2021,139.92006032333015,141.62546275603327,139.9131139513097,141.60760498046875,20396000
10/19/2021,142.21211472454237,142.4848695628123,141.43107913400408,142.06285095214844,20164000
10/20/2021,142.16302664662172,142.36932937667234,140.21760340386373,140.6068878173828,23288000
10/21/2021,140.6068703781535,140.99070660858933,139.34827557059145,140.72291564941406,26292000
10/22/2021,138.00935869132704,139.43061082473707,134.94072652552163,136.4388427734375,50588000
10/25/2021,136.42249557119888,136.8688038613959,134.31391552734996,136.32034301757812,34412000
10/26/2021,138.1219203768164,138.9346913152146,137.17078194335667,138.1665496826172,49236000
10/27/2021,138.26226450047915,147.4314763034353,138.26226450047915,145.0189208984375,85782000
10/28/2021,145.92839660361173,145.95170251359744,143.4414441362277,144.65342712402344,36206000
10/29/2021,143.8887552596137,147.02682046055673,143.46377046547764,146.83242797851562,43320000
11/01/2021,146.8324309481015,146.8324309481015,142.05143515277334,142.32070922851562,46924000
11/02/2021,143.3943518013393,145.4072108702752,143.15234864828975,144.2403564453125,33482000
11/03/2021,144.7045091916116,145.46671841466951,143.40574947129778,145.39630126953125,27494000
11/04/2021,145.918488091667,148.5061103237096,145.10868328164617,147.0521240234375,38412000
11/05/2021,147.94672303683166,149.0952354055238,146.9822063116092,147.6318359375,38354000
11/08/2021,148.59683920952253,149.38037183168208,147.21376959274264,147.80935668945312,23052000
11/09/2021,148.00970530712945,148.60627612949312,146.03799485146035,147.69778442382812,19530000
11/10/2021,146.29090824279103,146.85624308458767,143.35269859682205,144.69757080078125,29970000
11/11/2021,145.28870535866426,146.32613634452161,144.40698511974696,144.57162475585938,16518000
11/12/2021,145.41365059304397,147.62984607624279,144.21902587009922,147.45924377441406,22360000
11/15/2021,147.67991725355816,148.32359927216987,146.36528227383033,147.23509216308594,23508000
11/16/2021,146.93509022325514,147.5430567260628,146.10494573454355,146.66383361816406,18904000
11/17/2021,146.8140636628539,147.34170037420662,146.033028153426,146.83340454101562,19594000
11/18/2021,147.026320462845,149.3461514524102,146.67225222682112,148.6102294921875,35608000
11/19/2021,148.74610077592874,149.72898972518277,147.67843279309778,147.70570373535156,33682000
11/22/2021,148.10836700924503,148.60128697238446,144.94947812815403,145.1027069091797,30594000
11/23/2021,144.9549360689054,145.45778377770264,142.93364778882065,144.58697509765625,27218000
11/24/2021,144.2810105888424,145.0506504792178,143.18953724894834,144.92221069335938,18040000
11/26/2021,143.16521675032945,143.37250313576732,140.67976264069813,141.01747131347656,30470000
11/29/2021,142.81958339759728,145.098250620001,142.71395011842046,144.33753967285156,32596000
11/30/2021,143.81981989380787,144.80319311094968,140.44075042064517,140.7343292236328,42068000
12/01/2021,142.8195956469263,144.75410739029755,139.75691130496085,139.895263671875,34020000
12/02/2021,140.09213056944827,142.68520065080236,139.06511173639353,141.7940673828125,29194000
12/03/2021,142.5032312136305,143.21633168228553,139.15093259281727,140.83749389648438,41230000
12/06/2021,141.86797350092726,142.67331391025607,139.00116443543868,141.98153686523438,30618000
12/07/2021,144.40301145252772,146.32166315012472,144.0370329543183,146.0623016357422,32240000
12/08/2021,146.38661124962783,147.17659085728474,145.20587927665102,146.97177124023438,24270000
12/09/2021,146.38115719853195,147.87779015183264,145.90906116663706,146.4282684326172,23270000
12/10/2021,147.48109073076458,147.7563124081406,145.5014499291834,146.78831481933594,24458000
12/13/2021,146.5700951293805,146.75705697342113,144.32466128723686,144.63113403320312,27070000
12/14/2021,142.78784526013442,143.29564167577516,140.05740665054037,142.7273406982422,38446000
12/15/2021,142.23342665334246,145.51827360710053,140.51661343560883,145.24057006835938,36370000
12/16/2021,145.96412418925743,146.4664725789084,142.42982768319294,143.26097106933594,33650000
12/17/2021,141.33187339915958,142.655437143821,140.141713281487,140.563232421875,50416000
12/20/2021,138.85239100741393,140.61235063263806,138.17895606354023,140.4462127685547,27192000
12/21/2021,140.88904290220043,142.68966664568237,139.35076199155114,142.29641723632812,28756000
12/22/2021,141.89474965551238,145.2991078691126,141.89474965551238,145.2147979736328,26322000
12/23/2021,145.29909901208103,147.028306818594,145.25148836497797,145.71218872070312,26384000
12/27/2021,146.04892654418316,147.12800557147986,145.9631335339908,146.694091796875,15976000
12/28/2021,147.02087190142421,147.08335898865232,144.85726596471994,145.4845733642578,18200000
12/29/2021,145.44240783326498,146.2085820571264,144.45358650051998,145.45281982421875,17788000
12/30/2021,145.49149904628018,146.0925342403559,144.79773962624193,145.00204467773438,15688000
12/31/2021,144.85278953169095,145.49597213944008,143.66461181640625,143.66461181640625,18136000
01/03/2022,143.86594988262885,144.65543012836076,142.53495522830957,143.802978515625,28646000
01/04/2022,144.2041576289817,145.2842353697018,142.53843558316575,143.21583557128906,28400000
01/05/2022,143.23616397542605,143.3150106060316,136.55935260045507,136.6456298828125,54618000
01/06/2022,135.8754939287169,138.7928795446468,135.43909829641714,136.61834716796875,37348000
01/07/2022,137.01308839091683,137.31361360301065,134.6535916733449,135.8938446044922,29760000
01/10/2022,133.97072480010584,137.68155536055949,132.07291243739996,137.53277587890625,44408000
01/11/2022,136.87574497844983,139.06663719581033,135.5720211712193,138.59056091308594,28730000
01/12/2022,139.99293049410736,141.4389864287953,139.54117421787691,140.27113342285156,26108000
01/13/2022,140.3797392243777,141.67901339710585,137.27440842260475,137.45095825195312,31436000
01/14/2022,135.9553241572003,139.5883072001904,135.87549384235362,138.33714294433594,29662000
01/18/2022,135.05874499682633,136.00740156008052,134.32828625328975,134.88319396972656,34872000
01/19/2022,135.40439065709728,136.82862410530518,133.90875636510398,134.00892639160156,28648000
01/20/2022,135.133105704383,136.49783311871093,131.87453108390275,132.2147216796875,29908000
01/21/2022,131.506600309101,133.75996411235568,129.02014712662628,129.28297424316406,55652000
01/24/2022,124.94532175448224,130.12749709636913,123.47944046052136,129.7317657470703,76622000
01/25/2022,127.68468965184117,128.3382842647663,125.46354548795776,125.89447784423828,46960000
01/26/2022,130.04418655853962,131.9097642410679,126.09978210305361,128.17364501953125,49130000
01/27/2022,130.2276601350221,131.56510157140477,127.87559438564548,127.947509765625,31950000
01/28/2022,128.59613680815025,132.2633368035548,127.43176448871137,132.25787353515625,34362000
01/31/2022,133.06225920242,134.3625173657848,131.1257647038749,134.19439697265625,39986000
02/01/2022,136.466592286511,136.66346669345492,133.2670388818161,136.51568603515625,68644000
02/02/2022,150.01017866907893,150.3042417927189,144.32963459516995,146.7868194580078,123200000
02/03/2022,144.5111378369467,148.4480970136978,141.49604864905484,141.9170684814453,71518000
02/04/2022,142.26865554288074,143.68742564570832,139.36316498296367,142.11839294433594,57998000
02/07/2022,143.06754453763955,143.06754453763955,137.76139385139092,138.0599365234375,54974000
02/08/2022,137.8868730262489,138.8523885484705,135.8908729676065,138.25631713867188,54284000
02/09/2022,139.80796270595044,141.3561711201522,139.03782352988043,140.43130493164062,40144000
02/10/2022,138.55834861838682,140.32474033437092,136.82615909123334,137.4837188720703,39330000
02/11/2022,137.46387619119915,138.01580259283259,132.30648944702975,133.1817626953125,39958000
02/14/2022,132.16417235989616,135.1827270188193,132.16417235989616,134.41506958007812,34302000
02/15/2022,136.4428286652739,136.97642823757116,134.70817226050195,135.4887237548828,26680000
02/16/2022,135.52635776433524,136.95405656109108,133.81797410147496,136.60891723632812,25022000
02/17/2022,135.12619300415574,135.98955606011734,131.3925552622797,131.4525604248047,38950000
02/18/2022,132.37293985364457,132.97100892915242,129.12925617493363,129.3340606689453,45620000
02/22/2022,128.77369451228557,131.09699145275212,127.17242689104972,128.74940490722656,44990000
02/23/2022,130.56933788926054,130.96853484878528,126.4821167334988,126.54212188720703,32786000
02/24/2022,123.92923223959937,131.90977476291786,123.92923223959937,131.60330200195312,54456000
02/25/2022,132.4572527893111,134.16265544616002,130.67150526556998,133.35731506347656,36406000
02/28/2022,131.95933857117558,134.63868565985877,131.50558464556352,133.94989013671875,38864000
03/01/2022,133.77287444721637,135.13858587625842,132.1264932248051,132.9625701904297,26496000
03/02/2022,133.5244239122076,134.15371378545083,131.9806796935572,133.4683837890625,23520000
03/03/2022,134.8950682854782,135.32105186734134,131.9350362852021,132.8018798828125,24604000
03/04/2022,131.83788309122372,132.75430495921202,129.26910212432648,130.8252410888672,30430000
03/07/2022,130.41016532100002,130.6551346655655,125.25972533418172,125.34254455566406,45112000
03/08/2022,125.21510386863837,130.1741178832379,124.64432087127925,126.0625991821289,40428000
03/09/2022,130.17408423533303,132.63921358116326,128.8356441562946,132.3262939453125,37026000
03/10/2022,130.19000303239358,132.17955633727135,129.83940035172492,131.34396362304688,27102000
03/11/2022,132.39424653455924,132.69873673623212,128.56886893727994,128.805908203125,31526000
03/14/2022,129.18232020379136,129.34001346575886,124.2481025769408,124.9185562133789,38812000
03/15/2022,125.93516041311607,128.79007444618782,124.68995111051669,128.13894653320312,30920000
03/16/2022,129.66133986214837,132.24001771815753,127.67921762993845,132.18795776367188,35576000
03/17/2022,132.05753605900716,132.9814035170428,131.1014338034284,132.74188232421875,28264000
03/18/2022,132.3307953908697,135.12718720596732,131.17435293501333,135.00965881347656,44566000
03/21/2022,135.04731283585534,135.9265509358955,132.9932904748799,134.98582458496094,26832000
03/22/2022,134.9858461376951,139.89378371835335,134.9858461376951,138.72146606445312,35496000
03/23/2022,137.56551524552734,138.44425402347676,136.70513365586095,137.1420135498047,25154000
03/24/2022,138.05894880404426,140.45812610885343,136.62133716164368,140.41151428222656,26396000
03/25/2022,140.7526772850465,140.87070507937713,138.59203769066454,140.5116729736328,24126000
03/28/2022,139.74551627484473,140.83848798996723,138.66543848117558,140.2959747314453,35050000
03/29/2022,141.47820601311636,142.6148082235357,140.87418935059165,141.3373565673828,34318000
03/30/2022,141.29221863890226,141.55058130392723,140.43926771554987,140.77499389648438,19884000
03/31/2022,140.88853656508715,140.9430935807132,137.88487396414888,137.92752075195312,37524000
04/01/2022,138.3564979945896,139.3195316638882,137.1737682495904,139.0016632080078,25942000
04/04/2022,139.20794293991247,142.53395362091976,139.1603322944685,141.7995147705078,25942000
04/05/2022,141.69787954637118,141.8183741448747,139.23176584389168,139.4385528564453,21418000
04/06/2022,137.6126258686909,138.21812553888182,134.40612601563646,135.42868041992188,32468000
04/07/2022,134.89507649085877,136.04012309209003,133.12718701050363,134.7745819091797,26234000
04/08/2022,134.47208496943966,134.5578779659387,131.87554910979466,132.19491577148438,25142000
04/11/2022,130.7429022435412,131.0096943800276,127.6137659968596,127.76749420166016,36884000
04/12/2022,130.5212423290769,130.5212423290769,125.74967490379522,126.66758728027344,32710000
04/13/2022,126.95075200878496,129.26561926423614,126.6938724329844,128.8292236328125,27928000
04/14/2022,129.40993832117093,129.40993832117093,125.56322179244722,125.69116973876953,31598000
04/18/2022,125.95894510688915,127.16149984822547,125.14764969712186,126.62989807128906,20808000
04/19/2022,126.64477542409657,129.26461711503015,125.95844660693362,128.9432830810547,26490000
04/20/2022,129.81904388797793,130.3218916355038,126.45485065417712,126.99041748046875,31696000
04/21/2022,128.1905088826277,129.0320490590413,123.50572537982224,123.79136657714844,36446000
04/22/2022,123.97535142196246,124.37405657587937,117.95015236959706,118.65482330322266,56884000
04/25/2022,118.12469276013913,122.26695521347695,117.53953279206783,122.06512451171875,46128000
04/26/2022,121.29201669374567,121.5057500530437,117.53953053843702,117.6773910522461,73054000
04/27/2022,113.53116592670582,116.2809382238553,111.81237758233146,113.35760498046875,91820000
04/28/2022,115.46072646475163,118.66870978777183,113.17957694674581,117.55094909667969,48884000
04/29/2022,115.77760037683389,116.9533836790152,112.88153803374084,113.17411804199219,42676000
05/02/2022,112.47538421530977,115.78850102043891,111.67698273748518,115.62733459472656,35534000
05/03/2022,115.47610271052352,117.47111931005959,115.08335264004303,116.37220001220703,24968000
05/04/2022,116.07216443085974,121.84742986414153,114.1723618582886,121.25879669189453,49916000
05/05/2022,119.21866011890872,120.04681450711568,114.06277194925556,115.55047607421875,45840000
05/06/2022,114.24030932144473,116.60774359414943,113.08089313905965,114.79769897460938,39710000
05/09/2022,112.32164753785878,114.13367438835873,111.08239366611014,111.58870697021484,40802000
05/10/2022,114.56065900721823,115.29707287210782,111.97502692676184,113.457275390625,39900000
05/11/2022,112.30828274140973,115.41064030425353,112.30828274140973,112.67127990722656,37534000
05/12/2022,110.46452055455832,113.35810103264562,108.92424938909092,111.91899871826172,53836000
05/13/2022,113.594142514748,116.90875017939355,112.67375572924637,115.09920501708984,35038000
05/16/2022,114.0131798264507,115.21772470104247,112.95592377559407,113.50686645507812,25990000
05/17/2022,115.88273735100042,115.94175125327278,113.92839273794735,115.51824951171875,23054000
05/18/2022,114.05730975978481,114.45403235058096,110.64104162864625,110.98222351074219,35126000
05/19/2022,110.5180627695379,112.08362213791699,109.09829397497361,109.4791488647461,34144000
05/20/2022,111.03330620451212,111.26390609492667,104.92926089526213,108.01525115966797,48962000
05/23/2022,108.68918571926903,111.22819834582448,107.84962051186193,110.57410430908203,37184000
05/24/2022,104.90496623527923,105.58583938493665,101.04932840845038,105.1013412475586,76780000
05/25/2022,104.12489705414852,105.62698566700652,103.00515400506396,104.93768310546875,40258000
05/26/2022,104.81073736570944,107.75886699890704,104.36243908840518,106.90889739990234,37948000
05/27/2022,108.58553629317109,111.39729602913795,108.24385499776788,111.39580535888672,37914000
05/31/2022,111.82228915461961,114.78629421531303,111.15976563053904,112.8294677734375,50012000
06/01/2022,113.91351567650608,116.14159882441551,112.32166882859197,112.95840454101562,36606000
06/02/2022,113.06551449385536,116.93304735382672,112.02065295107872,116.65831756591797,37992000
06/03/2022,115.11110111753601,115.36798068092384,112.5879563145143,113.6020736694336,26136000
06/06/2022,115.74785337637843,118.36869420913727,115.2117870867129,115.86290740966797,33542000
06/07/2022,114.53388373543117,116.72626645111426,114.10889889465038,116.18920135498047,31590000
06/08/2022,115.80438756918971,117.59856463960712,115.64421237528563,116.23334503173828,26108000
06/09/2022,115.37393150433296,117.32927476403499,113.83515114216875,113.8941650390625,25798000
06/10/2022,111.52326180460535,112.3504249488664,109.46130149167207,110.25028228759766,41452000
06/13/2022,105.91113796225396,107.89969964994525,105.24911389802193,105.52037048339844,47252000
06/14/2022,105.66171972879,107.03982566560859,104.93274403233468,105.84073638916016,33706000
06/15/2022,107.65522217666569,110.5101281231061,106.78690296928498,108.86473083496094,39698000
06/16/2022,106.34207999882139,107.75787626146192,104.27615475355856,105.16431427001953,51684000
06/17/2022,105.16431896946578,107.80846549966309,104.18491071395393,106.26522064208984,51376000
06/21/2022,108.03657603615589,111.56739902352787,107.70977872020165,110.62964630126953,47416000
06/22/2022,109.6502478770662,112.41737098859431,109.47767062090766,110.57361602783203,30774000
06/23/2022,111.31151031036939,111.81832309519362,109.5947045131696,111.3219223022461,28362000
06/24/2022,112.06874621725599,117.11107066416578,112.02659127406567,117.00791931152344,41164000
06/27/2022,117.30348914348141,117.60747238809732,114.23534152789627,114.88398742675781,36420000
06/28/2022,114.8532296266053,116.34788004318068,110.93114755882172,111.08934020996094,35792000
06/29/2022,110.63758563635704,112.23289804690751,109.96365128893204,110.78585815429688,24716000
06/30/2022,109.09830333262894,109.97902466562923,105.87494437052855,108.0698013305664,43170000
07/01/2022,107.04823602503195,108.35444147045118,105.85559392220435,107.84614562988281,35476000
07/05/2022,106.22256636530622,112.44761288334064,104.86478520912014,112.33454895019531,39342000
07/06/2022,112.37324154606672,114.64198891272858,110.5622056578975,113.63282775878906,37432000
07/07/2022,114.13666975081995,118.2124805128393,113.89219223353552,117.80931091308594,40936000
07/08/2022,116.28887225514453,118.70390952621402,115.94322591003493,118.37512969970703,38238000
07/11/2022,117.03075205965408,117.03075205965408,114.38511466684228,114.72827911376953,31196000
07/12/2022,115.26235327439865,116.01513422724025,112.75805737728307,113.08584594726562,29960000
07/13/2022,110.78534420231458,113.25989453737738,110.28994228981075,110.4406967163086,43722000
07/14/2022,109.30708832837976,110.18235402261737,107.48464911605639,109.46279907226562,37004000
07/15/2022,111.08242338983389,112.2130780821122,109.99094230881713,110.86124420166016,46770000
07/18/2022,111.71666191412223,112.74813768915693,107.48166747224792,108.1362533569336,43164600
07/19/2022,109.94133979066089,113.08535287704044,108.66191325988503,112.8770751953125,36530900
07/20/2022,112.24231216588865,114.45403556404811,111.55797343357686,112.9663314819336,35600400
07/21/2022,113.34322710024298,113.61101810390477,110.19921392026373,113.4027328491211,32676200
07/22/2022,110.09010519867219,111.41911725096242,105.62699282575305,107.01551818847656,48901200
07/25/2022,107.52133180810117,108.96936280799288,105.42862755501386,106.62870788574219,34690900
07/26/2022,105.72616102673679,106.32124110364808,103.21690153174416,104.15911102294922,47991000
07/27/2022,108.36436356281115,112.9762475648789,107.12461020563455,112.13320922851562,59858500
07/28/2022,111.44888817788124,113.40273342218575,110.54634395877491,113.28372192382812,32816600
07/29/2022,112.15305449933629,115.75329568436271,112.13321420730232,115.36649322509766,37223400
08/01/2022,114.35486029276694,115.76321838407448,113.4027229923445,113.91846466064453,26034300
08/02/2022,113.06552194158387,115.39625706472798,112.78781836154697,114.1862564086914,20236000
08/03/2022,114.76150045832908,117.64765022278551,114.53339005300344,117.11207580566406,28499000
08/04/2022,116.51698947915064,117.80632850385459,115.93182192650802,117.2211685180664,21602900
08/05/2022,115.27723158541431,117.14181794438285,115.0491136341377,116.50706481933594,19159500
08/08/2022,117.41953186952958,119.16510690112827,115.92190753578308,116.33847045898438,19138300
08/09/2022,116.17977170860331,116.35829650347921,114.76149349565979,115.6739501953125,19086500
08/10/2022,117.80633141765588,119.92878873304059,117.43936923676468,118.71878814697266,30930400
08/11/2022,120.28583048192732,120.49410814131456,117.58812592192379,117.86582946777344,24293700
08/12/2022,119.27419055535846,120.68254852294922,118.48074539699118,120.68254852294922,19096300
08/15/2022,120.13706749098401,121.29748248930953,119.62133337705963,121.07928466796875,19494800
08/16/2022,120.5238677790755,121.42641192061868,119.65108407641937,120.702392578125,19041200
08/17/2022,119.13535751738875,120.2957650012785,118.40141798211481,118.57003021240234,22847000
08/18/2022,118.45099701321593,119.82960216377192,117.74681800275492,119.18492889404297,17987700
08/19/2022,118.08402472990431,118.17329090592166,115.80288310465481,116.24919128417969,21809500
08/22/2022,114.25568820182478,114.68216374085563,112.9167558336111,113.30355834960938,21456600
08/23/2022,112.54979152761548,114.0672486879377,112.5001983580296,112.92667388916016,15870400
08/24/2022,112.5696116974473,113.83911800192885,111.94477869138811,112.758056640625,17734600
08/25/2022,113.3035459506188,115.76322014148404,113.17461431501371,115.69379425048828,16956800
08/26/2022,113.77960949375512,114.17633209597903,109.28674437319086,109.43550872802734,37245700
08/29/2022,109.08839096914106,110.04052077631388,107.9081507488915,108.52306365966797,21191200
08/30/2022,109.26691024996742,109.59420698279374,106.91634250859858,108.0469970703125,27513300
08/31/2022,109.74298212503663,109.94133965972561,107.24363481356808,107.33290100097656,28627000
09/01/2022,107.39239258453512,109.54460257617076,106.4799359383376,108.84042358398438,28360900
09/02/2022,109.68347241560721,109.8322443549404,106.38077471005731,106.96593475341797,24160700
09/06/2022,106.42043703294185,107.14444879573196,104.91289263064388,105.9344482421875,25068300
09/07/2022,106.18239517986085,109.07846482937784,106.02371068181908,108.55280303955078,23167000
09/08/2022,107.15436785234293,108.70157768967908,106.28158417405022,107.4915771484375,24238300
09/09/2022,108.17592320190764,110.08018262294702,108.12633003878351,109.74297332763672,23197700
09/12/2022,110.08019507284304,110.70503570471661,109.02888648402806,109.95126342773438,22966800
09/13/2022,106.91635155696838,107.41225298799911,103.23675627988764,103.46487426757812,38172900
09/14/2022,103.71280676810338,104.41698576847003,102.81027025690392,104.1392822265625,26395100
09/15/2022,103.17725113683758,104.40708457431286,101.51102201609302,102.06643676757812,34188300
09/16/2022,101.2333018624559,102.2846103090457,100.11256752914515,101.95732116699219,42797200
09/19/2022,100.91593353936474,102.48298375828159,100.71757600878111,102.22511291503906,23036800
09/20/2022,101.24321763980454,101.53084132005358,99.69600034029746,100.31092071533203,26517100
09/21/2022,100.83659474851395,102.03667529857252,98.45626637613883,98.4661865234375,31487300
09/22/2022,98.00995057481285,100.4101114902342,97.98019770206167,99.31912994384766,34298600
09/23/2022,98.81329148769167,98.84305192220198,96.6710017810081,97.93058776855469,31625400
09/26/2022,97.29586188121758,99.06126981264472,96.99832555468079,97.36528778076172,27072700
09/27/2022,98.61495489564797,99.18028220152245,96.0759420926826,96.70077514648438,30072800
09/28/2022,96.84953796570939,99.87453174796886,96.31396358421772,99.22986602783203,32466300
09/29/2022,97.8314301011561,97.8314301011561,95.17339822616405,96.62142944335938,31047200
09/30/2022,96.25446940903004,98.08930316415186,94.77667771762164,94.8659439086914,32941500
10/03/2022,95.96684196996166,98.47610186740503,95.72880384753613,97.83142852783203,27982000
10/04/2022,99.61666354191142,101.00518123961032,99.5571502356858,100.80682373046875,28850800
10/05/2022,99.0116735801322,101.09445790974014,97.99011792498692,100.59855651855469,22176900
10/06/2022,99.85470635132027,102.08626265455283,99.76544016442644,100.58863830566406,22324000
10/07/2022,99.03150112865876,99.70592728808386,97.49421143647145,97.87109375,27502800
10/10/2022,98.18847777441846,98.2876565416277,96.21479230959145,97.05782318115234,18225100
10/11/2022,96.6313430235072,98.43642374055914,95.52052121037734,96.38339233398438,26507100
10/12/2022,96.50242112883399,97.94053224647043,95.9470063827848,96.76028442382812,21876400
10/13/2022,94.37004071240933,98.96208508756953,93.60634829648116,98.24798583984375,34574500
10/14/2022,99.1703544867437,99.86462094928686,95.58003338781863,95.76847076416016,25410700
10/17/2022,98.04963377624901,100.10266544468307,98.0198809004081,99.1505355834961,28419200
10/18/2022,102.28460943852185,102.62182629033514,99.15051685012314,99.94395446777344,24060700
10/19/2022,99.19019861679422,100.1919139812081,98.10912964670428,98.81330871582031,23811100
10/20/2022,99.18028845933702,101.48127084891942,98.57528809438662,99.1505355834961,25323200
10/21/2022,97.04789091631268,100.47952728786818,96.91895929172544,100.3010025024414,32458700
10/24/2022,100.9655271818657,101.9077368068661,99.16044640435987,101.67961883544922,27176400
10/25/2022,102.05650783204726,103.96076735839142,101.87798302852408,103.6235580444336,40611400
10/26/2022,95.6395366616455,97.50412305253043,93.91380204631294,94.1518325805664,88114100
10/27/2022,93.74519206481907,94.64773619425107,91.04749495639449,91.46405029296875,60710900
10/28/2022,91.51364270819928,95.75856512636024,91.37479091899618,95.50069427490234,43697300
10/31/2022,94.63780408767431,95.24280429060454,93.20961346179371,93.73526763916016,31675000
11/01/2022,94.66757492682962,95.24282237108928,89.62922241672638,89.72840118408203,47161400
11/02/2022,90.19454589639709,90.43257644134617,86.16782152387951,86.25708770751953,57038300
11/03/2022,85.61241853361773,85.81077606951776,82.65684282083558,82.74610900878906,61288000
11/04/2022,84.69995747119829,85.92979077856455,83.02380838038178,85.87028503417969,51124900
11/07/2022,86.56454509810828,88.17126831965837,86.1380696016579,87.7646255493164,34078900
11/08/2022,88.1712646484375,89.57962271598969,86.87199792022133,88.1712646484375,30429000
11/09/2022,87.72494420662868,88.70683431006073,86.56453688459513,86.60420989990234,31769100
11/10/2022,91.49380333022981,93.61626060159357,90.85905017805679,93.16995239257812,51620100
11/11/2022,93.91380328731896,96.1354392923686,93.15011094483498,95.61970520019531,33090500
11/14/2022,94.31051185350877,95.99658092538591,93.73527205818615,94.91551208496094,30179500
11/15/2022,97.4545394739204,99.31912590340235,95.91724219824151,97.63306427001953,41640800
11/16/2022,97.09749375411836,98.82322847399864,96.83962291238991,98.03970336914062,29105200
11/17/2022,96.17511335721086,98.46617527590662,95.99658856050377,97.55371856689453,26052600
11/18/2022,97.96035204939338,98.0892912467336,95.58003155727448,96.63134002685547,28342300
11/21/2022,96.49248658714596,97.59338820085925,94.5783070537111,94.81633758544922,21647400
11/22/2022,95.16346653720288,96.42306021024527,93.2790474508061,96.25445556640625,23438500
11/23/2022,96.29412816473291,97.95044455619234,96.29412816473291,97.65290069580078,18868100
11/25/2022,97.43470728675223,97.83142992962435,96.60159654689032,96.66110229492188,9701400
11/28/2022,96.24454747735288,96.78012191327572,94.8262691285725,95.26266479492188,26237500
11/29/2022,94.94528818097686,95.33209067906634,93.33856487339783,94.40971374511719,20061700
11/30/2022,94.04273414974281,100.21174831439473,93.64601154608545,100.16215515136719,43647500
12/01/2022,100.191908022442,101.4118287044889,99.42822325305634,100.16215515136719,28687100
12/02/2022,98.23806351073277,99.94395785152076,98.08929158774455,99.61666870117188,21480700
12/05/2022,98.58520473725795,100.54897014150208,98.18848208415297,98.66455078125,24405100
12/06/2022,98.48601001120109,98.96207106432217,95.62961342505861,96.18502807617188,24910700
12/07/2022,95.6197019736811,96.08584288669229,93.94355298868143,94.16175079345703,31045400
12/08/2022,94.59814224941029,94.79650733675184,92.6839626659769,92.94183349609375,32213300
12/09/2022,93.00133540862666,93.48732417745734,91.98969998883905,92.06904602050781,28225400
12/12/2022,91.95001730980464,92.79304799884099,90.85903597300153,92.54509735107422,29420000
12/13/2022,96.95863687909693,98.7141243795283,94.2510121002556,94.8460922241211,40593700
12/14/2022,94.41962683487034,96.07594331959717,92.83274381275208,94.29069519042969,28733600
12/15/2022,92.36658508509045,92.87240659372344,89.27216542487523,90.11519622802734,40107000
12/16/2022,90.01602009048204,90.58134735770545,88.786179227131,89.5201187133789,58011800
12/19/2022,89.5201151224369,89.81765139665094,87.4869165311304,87.71503448486328,29493000
12/20/2022,87.38773902543626,88.44896764240224,86.7232330132954,88.29027557373047,23453800
12/21/2022,88.34979410199328,89.48044867408069,87.59602186498341,88.84569549560547,24745600
12/22/2022,87.43734920792446,87.81423159409702,85.61242789725729,87.0406265258789,27658300
12/23/2022,86.39594849751772,88.81594991853139,86.3562754747472,88.49857330322266,23003000
12/27/2022,88.07208282991216,88.21093460263191,86.29675508801945,86.67363739013672,20097300
12/28/2022,86.26701007977196,87.31831861670652,85.23553426923881,85.31487274169922,19523200
12/29/2022,85.90995189306291,88.12166765847456,85.90003174742517,87.72494506835938,23333500
12/30/2022,86.2669986892601,87.57617789768041,85.86035596660308,87.50675201416016,23986300
01/03/2023,88.85559860680175,90.30363718067711,87.79437004023141,88.38945770263672,28131200
01/04/2023,89.60936749638965,89.90691131674406,86.55461353258538,87.35797882080078,34854800
01/05/2023,86.75298665837843,86.85216541875592,85.19585666320351,85.49339294433594,27194400
01/06/2023,86.0785669486724,86.97119099271035,84.16438721912351,86.62405395507812,41381500
01/09/2023,87.63569405206921,89.31184316795068,87.13979266316744,87.29847717285156,29003900
01/10/2023,85.2752044746708,87.94314874861813,85.12643254757823,87.69519805908203,30467800
01/11/2023,88.44897568545483,90.84913669096524,88.28037102229985,90.76979064941406,26862000
01/12/2023,90.73012501545803,91.1169275086837,89.0143028128799,90.38298797607422,30258100
01/13/2023,90.1052744877532,91.4342940509324,89.3911753274604,91.3648681640625,26329200
01/17/2023,91.30535652243567,91.49380146174484,89.3118384915669,90.54167175292969,32602400
01/18/2023,91.38470524390696,92.0392986943226,89.89700111134908,90.3730697631836,29116700
01/19/2023,89.97635197425116,92.84266148471706,89.88708578674498,92.2872543334961,37000400
01/20/2023,94.3204372009586,97.49421044649547,94.24109116727796,97.21649932861328,63191100
01/23/2023,97.1470790758333,99.21995081656387,96.70077085248677,98.97200012207031,40005100
01/24/2023,97.29585441335684,98.79347877926642,96.40323036854797,96.89913177490234,33078500
01/25/2023,94.78659020973076,95.37175777745863,92.99142962152443,94.43946075439453,42330000
01/26/2023,95.70897598453968,96.77020474200492,94.59815405733514,96.72061157226562,30114000
01/27/2023,96.51233145386189,99.49766010597479,96.51233145386189,98.55545043945312,33879800
01/30/2023,96.68092958542469,97.48428734322064,95.60978086379407,96.14535522460938,27226200
01/31/2023,96.07593251835176,98.06945054380512,96.02633935545113,98.02977752685547,29870700
02/01/2023,97.90084104880061,100.36051500989419,96.78010675117609,99.60674285888672,35531100
02/02/2023,104.93274207361436,106.9659333278878,104.74429711518005,106.8568344116211,69883800
02/03/2023,102.0862481346533,106.92624239319605,101.73911871689424,103.92108154296875,65309300
02/06/2023,101.56060951901542,103.50454212360086,101.04486781904797,102.05651092529297,31999600
02/07/2023,102.37387842734272,107.29321903254016,102.27469966826962,106.75764465332031,49010200
02/08/2023,101.21348233996603,102.29454379804132,97.23635085283868,98.55545043945312,94743500
02/09/2023,99.18028778419213,99.21004065983053,92.86250072827113,94.23119354248047,119455000
02/10/2023,94.66756053010047,95.95690701020914,93.47740036911846,93.7947769165039,54980700
02/13/2023,93.96338902898977,94.4196173792314,93.07076505379771,93.83445739746094,50076100
02/14/2023,93.65594180887688,94.07249718262943,91.50373147763352,93.90389251708984,54726100
02/15/2023,93.7154340931221,96.32388001154781,93.37822481049062,96.14535522460938,50169000
02/16/2023,94.58823713954602,96.8792992195654,93.96339652364621,94.72708892822266,42462600
02/17/2023,94.07248521564689,94.77666422937034,92.44592938203277,93.57658386230469,34284100
02/21/2023,92.23764745016229,92.33682620286696,90.96814125509322,91.03756713867188,33629300
02/22/2023,90.9482977493757,91.35494045799983,89.8672365194592,90.89871215820312,30884000
02/23/2023,91.16651419896813,91.18635449298117,89.0242240237194,90.14495849609375,41206400
02/24/2023,88.70684756779147,89.1531558147064,87.85389652834307,88.39938354492188,36585100
02/27/2023,89.13330841064453,89.4209320921076,88.60764664095792,89.13330841064453,27502300
02/28/2023,88.59774267568118,90.48216943962086,88.58782252932733,89.3217544555664,30142000
03/01/2023,89.24241090828541,90.28379921055803,88.93494692364422,89.61929321289062,31111200
03/02/2023,88.92503489270483,91.52355315835904,88.85560143860462,91.245849609375,32204400
03/03/2023,91.7219244117424,92.96167788657921,91.69216397218837,92.88233184814453,35160100
03/06/2023,93.24929513438325,95.18331511806566,93.22946240796787,94.3501968383789,32639300
03/07/2023,94.20142077271831,94.88575946844404,92.76330236344629,93.0905990600586,27835500
03/08/2023,93.34848534799025,95.17339892826718,93.22946628398542,93.4774169921875,34103300
03/09/2023,93.27903901736893,94.74690265091589,91.14666188060802,91.56321716308594,28813500
03/10/2023,91.41445442058324,92.02937482791765,89.65896694454361,89.88707733154297,35941000
03/13/2023,89.35150848107031,91.81118269560834,88.687002437022,90.36315155029297,37335600
03/14/2023,91.80126150060728,93.58650950422467,91.6822500116025,93.19970703125,36050200
03/15/2023,92.45585699442236,96.13544442535732,91.88060956204423,95.3221664428711,50622100
03/16/2023,95.41142015117943,100.36052125064333,94.71716126290511,99.49765014648438,65492000
03/17/2023,99.43813510487313,101.99698017297794,99.27944304990501,100.7869873046875,61028500
03/20/2023,99.29930009920032,100.9159359560501,99.05134939660562,100.3902816772461,32960400
03/21/2023,100.42002246352078,104.23846131049126,100.39026959348749,104.0599365234375,42110300
03/22/2023,103.41526808239401,105.71625013011207,102.48297865485124,102.52265167236328,43427400
03/23/2023,104.19879298533533,105.42863382566868,103.60371285731998,104.73436737060547,40797800
03/24/2023,104.12937541633211,104.62527682377592,102.98880066584036,104.57569122314453,30393300
03/27/2023,103.7623993547433,103.9012511249283,101.09444771774577,101.62010192871094,31120900
03/28/2023,101.60027347597008,101.61018605507579,98.92240158084621,100.20182800292969,32057900
03/29/2023,101.44158753942646,101.64986521604924,99.82495172553267,100.55888366699219,28779600
03/30/2023,100.0828209446528,100.33077163663715,98.96207897409658,100.06298065185547,33086200
03/31/2023,100.46961878932184,103.0383842078249,100.2117479628211,102.87969970703125,36863400
04/03/2023,101.55068678803492,103.67314414754483,101.0944584138917,103.5045394897461,25035400
04/04/2023,103.47477744759011,104.71453082187777,103.18715375673288,103.86157989501953,24420100
04/05/2023,104.91289907946413,105.2302756731111,102.8102819841236,103.61363983154297,28290500
04/06/2023,104.39716471996435,108.27510972849137,103.47478781441008,107.53125762939453,48711500
04/10/2023,106.10305636159114,106.70804904814693,104.2583027310059,105.5674819946289,27067400
04/11/2023,105.67658753468932,105.85511233488984,103.82191364187591,104.48641967773438,26311800
04/12/2023,105.70632608543772,105.87493071643544,103.48468274685993,103.7822265625,24370300
04/13/2023,104.9723919871335,106.6088679220058,104.9723919871335,106.54936218261719,24843600
04/14/2023,106.01379677904549,108.04699547084493,105.96420361413152,107.97756958007812,26578000
04/17/2023,103.80208203407157,105.2897861961485,103.66322268410477,105.1013412475586,37571200
04/18/2023,105.61707218442865,105.66666534841484,103.2169113578442,103.64338684082031,26596400
04/19/2023,102.73093151613256,104.11945689106093,102.22510999070306,103.32601165771484,20905700
04/20/2023,103.05823288579296,105.37904781258688,103.01855986565269,104.42691802978516,27820800
04/21/2023,104.60544233096776,105.13109660328743,103.92109597885471,104.54593658447266,25800100
04/24/2023,104.62527258627793,105.75592714410803,103.84174748622819,105.1013412475586,23542800
04/25/2023,104.96248334111876,105.8154342829649,102.98879048643646,102.99871063232422,46664100
04/26/2023,104.05995143064801,105.4782297846258,101.78872203487352,102.85987091064453,53347600
04/27/2023,103.59379357823073,107.48166608530138,102.6912570160058,106.70805358886719,50089200
04/28/2023,106.16256960456029,106.47002604243367,104.22854965938166,106.4601058959961,36139800
05/01/2023,105.96421653060621,107.10479136096627,105.94438380233586,106.3212661743164,26681700
05/02/2023,106.26174573640694,106.3212514798493,102.85986201062076,104.4566650390625,30997200
05/03/2023,104.66494807746287,106.60888065380296,104.09962078519486,104.54593658447266,21795400
05/04/2023,104.62527823765616,104.73437715411653,103.11774126807067,103.83184051513672,23419500
05/05/2023,103.9607682679493,105.01207680519784,103.25658919423994,104.70462036132812,26639300
05/08/2023,104.3178158732233,107.07502636899285,104.29798314719713,106.88658142089844,26511400
05/09/2023,107.50149988087897,109.2470748463162,106.31133960304034,106.47002410888672,36360100
05/10/2023,107.08494816131481,112.01420922516127,107.04527514179809,110.8339614868164,63153400
05/11/2023,114.45404112299883,116.95338077292648,113.4721584998331,115.61444854736328,78900000
05/12/2023,115.72354718741605,117.06247940985591,115.15821991274791,116.54674530029297,41102300
05/15/2023,115.15820905774291,117.5087841186648,115.05903030373587,115.554931640625,36266800
05/16/2023,115.535101164742,119.76018303268906,115.47559542065336,118.53034973144531,45035600
05/17/2023,118.62952082286563,120.67263195090871,117.91542167256014,119.84943389892578,33323600
05/18/2023,119.95854884860573,122.29920412469264,119.83953735220288,121.8231430053711,35234200
05/19/2023,122.53723296740392,124.93739380984856,121.1487076020142,121.75370788574219,41353400
05/22/2023,121.93223602252743,125.39362560112353,121.73387092669454,124.02494049072266,35253000
05/23/2023,123.14223409458985,123.60837503480265,121.20821417591823,121.55534362792969,34046300
05/24/2023,120.12714861556921,120.91067367529489,118.87747506501967,119.90895080566406,34182600
05/25/2023,123.49927213144791,124.2927173391139,120.96025957388359,122.46780395507812,42317000
05/26/2023,122.16034076709491,124.23321241314245,121.44624158887478,123.58853912353516,35635900
05/30/2023,124.61010271936992,124.62994301273424,120.99994114625623,122.65625,35076700
05/31/2023,121.74379679384124,123.04305607346541,121.49584608754014,121.8628158569336,37325800
06/01/2023,121.81320947582672,123.40009231065325,121.61485195904373,122.7058334350586,30772700
06/02/2023,122.97362222070807,125.11591981661117,122.74551182311099,123.6480484008789,26980100
06/05/2023,122.99346054966021,126.38542412216299,122.82484833216863,124.97706604003906,32305500
06/06/2023,124.97706418870804,127.2383656366913,124.3323909005138,126.26640319824219,26638300
06/07/2023,125.92918585387761,127.98220950527097,121.11894443175632,121.4958267211914,52539000
06/08/2023,121.22804486245556,122.21984754210081,120.24615476147191,121.13877868652344,29389200
06/09/2023,121.2478905876319,122.74551491320051,120.9106812724846,121.22805786132812,23778300
06/12/2023,121.78346450999771,123.03313813403905,120.66273009040363,122.62649536132812,28306400
06/13/2023,123.95550842884325,124.1340332227792,122.17026048948374,122.81493377685547,22278300
06/14/2023,122.09092270879414,123.03313990537379,120.45444658155986,122.65625,30592300
06/15/2023,122.13059332494937,124.43157546435972,121.39666138886585,124.06460571289062,35246300
06/16/2023,124.89772318191494,125.07624798326509,122.26944432692575,122.51739501953125,45535600
06/20/2023,121.92231483974503,123.54887077747642,121.1387897432877,122.0909194946289,26097500
06/21/2023,121.39666224993185,121.65453309243799,119.11551282046045,119.56182861328125,30306300
06/22/2023,119.01632293916366,122.22976153980194,117.85591560655178,122.1405029296875,26952200
06/23/2023,120.3850207964695,121.78346637257002,120.06764420404919,121.33715057373047,34913600
06/26/2023,119.77010249354858,120.99993578775403,117.30050819204033,117.36993408203125,33969900
06/27/2023,116.12027758580295,118.10388325320572,115.14830747935935,117.36003112792969,39535900
06/28/2023,116.1301877388727,119.4031400484243,115.89215718247867,119.19486236572266,27091400
06/29/2023,118.26256241740738,119.07584040154654,117.33027294139967,118.12371063232422,24090900
06/30/2023,119.1849366580173,120.08748080780242,118.708875567441,118.71878814697266,29532200
07/03/2023,118.26256653867198,119.20478376097655,117.84601116890617,118.91716003417969,14467900
07/05/2023,118.26255664547801,121.60493460466255,118.25264406620929,120.75198364257812,27584800
07/06/2023,118.81796320957261,119.31386454589494,117.4294379544993,119.12541961669922,24745200
07/07/2023,119.11551561978513,120.0577328266466,118.4212566815545,118.50060272216797,21709500
07/10/2023,117.33027117785484,117.34018375745839,115.18797355416356,115.49542999267578,35315200
07/11/2023,115.33674061449469,116.74509867791642,114.40444362500358,116.17977142333984,23078800
07/12/2023,117.82618462224083,119.34364181087993,117.4393821061899,117.95511627197266,30404400
07/13/2023,119.93870320943425,123.80673533006852,119.46263457450904,123.51911163330078,44297900
07/14/2023,123.77698624657505,125.74075145445121,122.47771949840582,124.39189910888672,33283100
07/17/2023,124.90764611490182,126.05813341949313,123.18190380773267,123.62821960449219,25716200
07/18/2023,123.57861693621366,123.65796296956178,121.95206108684837,122.7455062866211,26193600
07/19/2023,123.57862647852336,124.15387391443447,120.80158319859368,121.02969360351562,37224000
07/20/2023,120.42468845421087,123.0727999886977,117.25092267132642,118.22288513183594,37906800
07/21/2023,119.63126637165477,119.9982285952709,117.75675952969813,119.03617858886719,72937900
07/24/2023,120.66272215495184,121.99173416334048,119.98829600487059,120.53378295898438,29686100
07/25/2023,120.36518297759501,122.14051081744289,120.02796610605938,121.20821380615234,52509600
07/26/2023,129.00378761340536,129.90631659089652,127.26813284588675,128.21034240722656,61682100
07/27/2023,130.59070687219605,132.14784493793204,127.73430922146255,128.3393096923828,44952100
07/28/2023,129.7079618698937,132.64370465595107,129.49969176817697,131.4932098388672,36591200
07/31/2023,131.64196213896054,132.43540728957092,130.69975264360772,131.63204956054688,28055500
08/01/2023,129.70794167840054,131.54278252577237,129.6087553657888,130.4716339111328,23166800
08/02/2023,128.38887313460415,129.02362633955516,126.51436639391204,127.32765197753906,26273300
08/03/2023,126.92099551059741,128.32935355941024,126.37550098690372,127.39705657958984,20089500
08/04/2023,128.2202600170075,130.43197594152576,126.86149507419762,127.05985260009766,26147200
08/07/2023,128.10124510100812,130.53115877911966,127.962393323222,130.45181274414062,22746300
08/08/2023,129.54927103822243,130.43197488498015,128.4781222465879,130.3228759765625,23535200
08/09/2023,130.58074278541653,130.95761750800182,127.94254405878128,128.59713745117188,24912900
08/10/2023,130.2435507528464,130.9675625582551,128.38886922887625,128.6269073486328,20857800
08/11/2023,127.60535409901688,128.86493278064867,127.11936527043054,128.4979705810547,19591100
08/14/2023,128.3293638886943,130.29312919834737,127.90289594820355,130.2534637451172,24695600
08/15/2023,130.02535827661376,130.34272731563817,128.22026984503316,128.71617126464844,19770700
08/16/2023,127.64501953125,129.2120697982791,126.82182894388471,127.64501953125,25216100
08/17/2023,128.73601474425206,130.90806543730483,128.23018559815387,128.8550262451172,33446300
08/18/2023,127.45657242122108,128.19051194159474,125.34403518060337,126.4151840209961,30504800
08/21/2023,126.13747833867052,127.67476811335399,125.5225578886843,127.31771850585938,25248700
08/22/2023,127.45656155015928,129.21205659443743,127.2681317464859,128.0218963623047,22054900
08/23/2023,129.11286188164175,132.31639534159987,128.80540548113294,131.284912109375,27819700
08/24/2023,132.85198728819475,133.14953116670597,128.5079011432878,128.71617126464844,28500700
08/25/2023,128.47812893761383,129.6881295726403,126.20690716881097,128.8153533935547,26762900
08/28/2023,130.23364009664536,131.45355346104287,129.07323248655334,129.93609619140625,20543300
08/29/2023,131.15600145683445,135.45050919179718,131.15600145683445,133.46690368652344,43075600
08/30/2023,133.67518514236738,135.16288939766932,132.97101360306888,134.76617431640625,28315800
08/31/2023,134.8950799084139,136.8687727314443,134.67688210350767,135.05377197265625,30053800
09/01/2023,136.3332062668677,136.3332062668677,133.74460060567057,134.54795837402344,21543700
09/05/2023,134.3297620041587,135.30172442643027,133.4768110647792,134.6570587158203,19403100
09/06/2023,134.9050286366341,135.41084264478113,132.57428587282706,133.35781860351562,18684500
09/07/2023,132.49492113945962,134.46861399155742,131.8601680068501,134.15122985839844,18844300
09/08/2023,133.8041334805993,135.5397885635056,133.74462772772205,135.2620849609375,23558300
09/11/2023,135.4207175987325,136.35301444521784,134.67686566381838,135.797607421875,20763400
09/12/2023,135.14301687903506,135.7480170706124,134.0817959661607,134.23056030273438,18405500
09/13/2023,133.9826247837674,135.7777852717878,133.05032781273377,135.58935546875,20749500
09/14/2023,136.4720856086748,137.56305972256655,135.12323305423436,136.96798706054688,24751000
09/15/2023,136.84892900879936,137.38451092876176,135.36122499467155,136.273681640625,38919600
09/18/2023,135.4901665221767,138.0192664165555,135.4901665221767,137.07705688476562,21861300
09/19/2023,136.29353439301667,137.2754245802509,135.5000891528616,136.908447265625,20353700
09/20/2023,136.94814339852564,136.94814339852564,132.52469589773267,132.6437225341797,29927500
09/21/2023,130.3625454686309,131.14606291971518,129.00378065244968,129.37074279785156,31503900
09/22/2023,129.68811066252235,130.94770428096794,128.53763107597587,129.1822967529297,26397300
09/25/2023,128.76574160428865,130.0947535411447,127.90287812992364,130.03524780273438,20094600
09/26/2023,128.7062429989617,129.2914029707038,126.17714304040305,127.51608276367188,25718700
09/27/2023,127.51608742320651,129.82697452376246,127.51608742320651,129.4699249267578,22746500
09/28/2023,128.77567908657804,132.20732362438937,128.7260859170761,131.22543334960938,22513100
09/29/2023,132.187484105663,132.95117654608515,129.29142156753832,129.78732299804688,30859800
10/02/2023,130.1344474612235,133.31812586216128,130.09476687574428,133.07017517089844,22288000
10/03/2023,132.84208398165953,133.15945304283952,130.7592918203912,131.34445190429688,22989400
10/04/2023,131.70147985901755,134.45870541332442,131.44361659343454,134.13140869140625,26752300
10/05/2023,133.96279907226562,134.37935439370042,132.3560683939219,133.96279907226562,19832600
10/06/2023,132.91148163496393,137.02747214489506,132.91148163496393,136.4522247314453,27597600
10/09/2023,135.8174754746164,137.8010810398745,134.49837595767463,137.28533935546875,19278100
10/10/2023,137.36467931785276,138.57467986983306,136.20427192955205,136.92828369140625,27786600
10/11/2023,137.44403543423456,139.95329533664227,137.44403543423456,139.39788818359375,25884300
10/12/2023,139.89379277540957,140.06239744116,137.12665439341535,137.83084106445312,24765500
10/13/2023,138.23748528968676,138.85239821040267,135.50009975367846,136.23403930664062,23420500
10/16/2023,137.03739334313434,138.4854321140924,136.85887610034075,137.95977783203125,28501900
10/17/2023,137.49361518669917,138.75319373814438,136.0554891433646,138.57467651367188,23515800
10/18/2023,138.30690868674475,139.56650258267163,136.25388459322733,136.82913208007812,23375000
10/19/2023,137.36468644323884,138.51518131196565,136.25387216099756,136.62083435058594,26066000
10/20/2023,136.2042789444492,136.73984579212933,133.97272266731449,134.48846435546875,26335700
10/23/2023,133.93304944521964,136.53158318839846,132.85198797694417,135.38108825683594,26317900
10/24/2023,136.70017196237376,138.21762892713875,136.2935292113691,137.67213439941406,44814300
10/25/2023,127.10946078436402,127.25822516293988,124.04478594915811,124.58036041259766,84366200
10/26/2023,122.25951622711595,123.31083224083282,120.27591081531207,121.27763366699219,57061100
10/27/2023,121.87272767746805,122.2992031923221,119.22461596672207,121.16854858398438,44566500
10/30/2023,122.20002007986204,124.37207059770444,121.74379170735196,123.43977355957031,28940100
10/31/2023,124.03485157297696,124.34231557609246,121.68428385885795,123.0628890991211,26292300
11/01/2023,123.05297186152897,125.45313279745749,122.70584239837481,125.41345977783203,30082400
11/02/2023,127.36730789447058,127.92271501549958,125.88952390924445,126.44493103027344,27124600
11/03/2023,126.9705840713952,128.46820067879287,126.81189200957998,128.04173278808594,26393100
11/06/2023,127.9921365850185,129.2715553604388,127.61524673059205,129.1822967529297,19052700
11/07/2023,129.63856004129278,130.82872046079768,128.81536184159327,129.89642333984375,29757300
11/08/2023,129.89642890979786,131.12626997179123,129.70798393466782,130.75929260253906,26425800
11/09/2023,130.8782957156304,131.46345569784398,129.0037891497348,129.17239379882812,23747800
11/10/2023,129.03354879478132,131.71141329610631,128.34920244954847,131.5031280517578,26913300
11/13/2023,130.69976098599605,131.50311876629735,130.1741067560777,131.00721740722656,18324800
11/14/2023,133.09002359550504,134.58764041410248,132.2271599799759,132.52468872070312,32395200
11/15/2023,133.76441488908887,133.92310694082042,132.47508358646422,133.51646423339844,23861500
11/16/2023,134.08182888951592,136.09518745195533,133.21896525810197,135.80755615234375,28013200
11/17/2023,134.88516720728182,134.94467294789172,132.5544248086727,134.20082092285156,37240600
11/20/2023,132.5940902168256,135.5397451095659,132.5246567715882,135.1331024169922,27815500
11/21/2023,135.17279523893023,136.05549911438757,134.84551363674532,135.84722900390625,22635300
11/22/2023,136.34312381394363,138.2771361292862,136.34312381394363,137.35476684570312,17813900
11/24/2023,136.89851567499682,136.99770199138314,134.87524497059664,135.5695037841797,12514300
11/27/2023,134.91491921563218,137.2853270482676,134.88516634551732,135.29180908203125,23436500
11/28/2023,134.96450328347996,136.12491054089853,134.30990991764168,136.0753173828125,18730000
11/29/2023,136.4422906284374,137.15637457576435,133.73465864047404,133.88343811035156,23967200
11/30/2023,133.94295042197072,134.4388517451667,130.2038502076351,131.443603515625,38988300
12/01/2023,130.77911376953125,131.02706446186437,129.5988660526321,130.77911376953125,31442300
12/04/2023,128.81534267439568,128.96410702955671,126.85156995087304,128.21034240722656,36669900
12/05/2023,127.89295847123121,131.05681158807658,127.19869958988002,129.91624450683594,27384800
12/06/2023,130.3625665785439,130.75928165761354,128.81535658297804,128.95420837402344,23576200
12/07/2023,133.93304938270325,137.42419963070353,133.59584004786453,135.80755615234375,56767100
12/08/2023,133.09990558330048,135.2818682714779,132.93130095773793,133.88343811035156,32260100
12/11/2023,131.29485865478858,132.24698086173262,130.28321556791462,132.1973876953125,31138000
12/12/2023,130.72952914922644,131.9097769432704,130.18403456369643,131.4337158203125,29032800
12/13/2023,132.28664939416652,132.4056608757626,130.49148892278734,131.48329162597656,30104800
12/14/2023,132.28667330356268,132.623882651504,128.62691824593966,130.8584747314453,38722400
12/15/2023,130.54105356016876,132.41555987156252,130.10465799413734,131.51303100585938,50847100
12/18/2023,131.5428154285214,136.0257533662055,131.34444275367903,134.68682861328125,32258000
12/19/2023,135.71827586427287,136.34311639898218,134.96451127135808,135.5298309326172,25476800
12/20/2023,137.83086490627127,140.5384828742639,136.93824825466888,137.20602416992188,49107200
12/21/2023,138.34656689160218,139.5367271291243,138.03909533601887,139.26893615722656,27488300
12/22/2023,139.61608570312794,140.8260863411753,139.5565799559633,140.33018493652344,26532200
12/26/2023,140.4293579031904,141.510419346836,140.032642827964,140.3599395751953,16780300
12/27/2023,140.4293610317835,140.91534987341666,138.74329922394273,139.2193603515625,19628600
12/28/2023,139.62599994946305,139.98304957042203,138.60444425438513,139.08050537109375,16045700
12/29/2023,138.48543138650385,139.20944320132398,137.64239294340334,138.54493713378906,18733000
01/02/2024,137.4142586199099,138.30687494126533,135.36121989360225,137.03736877441406,23711200
01/03/2024,136.12494105781897,138.48543668179107,135.95633638949388,137.78125,24212100
01/04/2024,137.28533097133266,138.01927043379123,135.2323072061994,135.27197265625,27137700
01/05/2024,135.62901355461221,136.03565627670122,134.04212324747374,134.61737060546875,22513900
01/08/2024,135.17278901977872,137.87049368814525,135.1430361482217,137.70188903808594,21404000
01/09/2024,137.3646876105234,140.33018342656837,137.01755057751834,139.7946014404297,24759600
01/10/2024,139.84420205691225,141.82780775984716,139.75494343237068,141.11370849609375,21320200
01/11/2024,142.3137898243085,144.02960443815402,139.4871457788245,140.91534423828125,24008700
01/12/2024,141.50047688636437,142.02613106020752,140.65745374610032,141.4806365966797,18785500
01/16/2024,140.83598692471,143.16672938152487,140.29049239931624,141.3219757080078,22670500
01/17/2024,140.19130652143912,140.67728012012063,137.7613779932037,140.31031799316406,20968600
01/18/2024,140.8855776587382,143.02787513950906,140.8260719176682,142.30384826660156,25746400
01/19/2024,143.55354349190839,145.24951781414885,143.19649387664043,145.1800994873047,34271900
01/22/2024,145.8942062192311,147.1736252450607,144.64452493468394,144.79330444335938,32200400
01/23/2024,144.6941039011729,145.9735228014156,144.30730143052193,145.8346710205078,21636100
01/24/2024,147.32235653052467,148.62163069280544,146.88597608407127,147.48104858398438,25233500
01/25/2024,148.83985855855067,151.79542676635216,148.3141891335314,150.62509155273438,29149100
01/26/2024,149.86139776851957,151.28958097989496,149.77212402167038,150.9424591064453,26115500
01/29/2024,150.81352174869434,152.51942366682596,150.18868118167268,152.2516326904297,27784300
01/30/2024,151.5474722147389,152.3607426484438,149.95066908718712,150.2184600830078,36331800
01/31/2024,142.44268767661725,142.81957751562527,138.72342784548118,138.95155334472656,71910000
02/01/2024,140.95499074150428,141.88728767351694,139.63589137319994,140.00286865234375,40466500
02/02/2024,138.11844060532798,141.45089833217304,135.38107056080497,141.21287536621094,62499600
02/05/2024,141.64927668377285,144.27754793012062,141.60959609870966,142.50221252441406,38505400
02/06/2024,143.4642721698212,144.16845883237673,142.0162485243668,142.91879272460938,29128200
02/07/2024,143.57336464859975,144.4263156427516,142.7501665270815,144.3469696044922,25208900
02/08/2024,144.63459744507298,145.13049882211826,143.91058567202538,144.7139434814453,22563800
02/09/2024,145.47763559904774,148.2150211661504,144.9817341712347,147.77862548828125,26829500
02/12/2024,147.20336732419403,148.11582406905052,146.161971374684,146.32066345214844,21564100
02/13/2024,143.73204328748068,145.46769798615009,142.51213022242555,143.9502410888672,27837700
02/14/2024,144.88254990203635,145.31894554055629,142.90885694916992,144.7436981201172,22704200
02/15/2024,141.9666478509511,142.34353774622787,139.30862369230854,141.5996856689453,37590700
02/16/2024,141.81787214200648,142.01622965333587,138.9912284210113,139.3681182861328,31468900
02/20/2024,138.51517229621072,140.91533307623592,138.34656764889544,139.96319580078125,25144700
02/21/2024,140.29049590728383,141.5203367649503,139.5268035526364,141.38148498535156,23223300
02/22/2024,143.74195461013204,143.8113880616519,141.6294252005615,142.90884399414062,27191900
02/23/2024,142.4923064572686,143.49402183711422,142.2542683371376,142.77993774414062,19493800
02/26/2024,140.97486857968562,141.2724124869367,136.26380463829744,136.4423370361328,53641800
02/27/2024,136.8886109742461,138.10852404072233,135.9662266066363,137.74156188964844,33099200
02/28/2024,136.76961447953255,136.87871340437798,134.30003493285824,135.2620849609375,37328600
02/29/2024,136.15467711991738,137.72172724425474,135.2818858775754,137.32501220703125,42133000
03/01/2024,137.29527300897672,137.73166872171055,135.79765602546902,136.01585388183594,31151100
03/04/2024,134.54795880340606,134.54795880340606,130.82869865382304,132.25689697265625,55999400
03/05/2024,130.79895621305897,132.14780860687847,129.59886818360178,131.5824737548828,40194800
03/06/2024,132.0287779261609,132.48501385237356,129.77739656818326,130.3228759765625,35318600
03/07/2024,131.7014646980678,133.83384943472205,130.531144857788,133.2784423828125,37738200
03/08/2024,133.10985799917378,136.95804250148979,132.90157275617153,134.30001831054688,39370400
03/11/2024,135.01410391751668,137.9597590931876,135.01410391751668,136.54147338867188,32437800
03/12/2024,135.90673376099352,138.23747634796243,135.90673376099352,137.36468505859375,27563400
03/13/2024,137.86058646627538,139.9334506450809,137.85067388660744,138.64410400390625,23347200
03/14/2024,140.03263971476812,142.41296038062768,139.30862790840655,141.92698669433594,42753400
03/15/2024,141.33189197321508,142.00631057950346,138.88213796831596,140.022705078125,49475400
03/18/2024,147.39180580449582,150.9027808454485,145.96360743742733,146.46942138671875,69273700
03/19/2024,146.9455101008083,147.5703355892813,144.88255840993227,145.82476806640625,24070400
03/20/2024,146.78679725990156,147.639748173652,145.53713132595888,147.52073669433594,21311500
03/21/2024,148.24477268139387,149.13738918978584,145.6958321016332,146.39010620117188,24755600
03/22/2024,147.8976348836212,150.33747653257558,147.7587830911578,149.53411865234375,29211800
03/25/2024,148.71091979719523,149.1473154668572,146.60830262559878,148.83985900878906,19229300
03/26/2024,148.98859783249566,151.01186861414138,148.75055974430478,149.43490600585938,22149100
03/27/2024,149.94074197303146,150.39697792574609,147.6794327705728,149.63328552246094,22879200
03/28/2024,149.61344863987313,150.1886809085542,148.93901491049212,149.69277954101562,24485400
04/01/2024,149.45476709366227,154.4633742852125,149.3754210532241,154.21542358398438,31730800
04/02/2024,152.24173645140743,153.43189683666333,150.90279655942555,153.2930450439453,24586000
04/03/2024,152.34091364414047,153.80877752671594,151.47803493131784,153.65008544921875,24705000
04/04/2024,152.2417216532487,153.5013153792841,149.21672024838048,149.2960662841797,34724700
04/05/2024,148.80016963270904,152.1623804461379,148.37370170217739,151.2499237060547,23459200
04/08/2024,151.52761905486636,153.99721328727458,151.35901440772807,153.58065795898438,20702000
04/09/2024,154.81047040663094,157.2602241375123,153.91785408433802,155.31629943847656,31079500
04/10/2024,154.92952562487014,155.32624070054823,153.41205338281176,154.86009216308594,22838600
04/11/2024,155.6237647430745,158.3710473161656,155.17745655638205,158.103271484375,27166400
04/12/2024,156.66516776322655,158.90663651169768,155.85188225072014,156.43704223632812,25353700
04/15/2024,157.55778721582507,157.93467710778722,153.32278518896982,153.590576171875,27136500
04/16/2024,152.9260835145476,154.37410719737133,152.1723036646899,153.1343536376953,20779500
04/17/2024,154.3443362556772,155.7923749027095,153.3128680735991,154.19557189941406,21763100
04/18/2024,154.0666493097183,155.65353990489737,153.35255005525875,154.7311553955078,19883000
04/19/2024,154.91959354072858,155.07828562000708,151.0515686940003,152.82688903808594,32615600
04/22/2024,153.04506419862878,156.3477688326678,152.79711353661722,154.99891662597656,26446200
04/23/2024,155.67336083793805,157.66687884737183,154.99892712206798,156.9626922607422,21151600
04/24/2024,156.19902087415394,158.2619724145378,155.8816367293061,157.82557678222656,22779100
04/25/2024,150.08951991120836,155.2072260039545,149.63328396324783,154.7212371826172,57109700
04/26/2024,172.94064243070838,173.27786687075127,168.2593321924788,170.5404815673828,64665300
04/29/2024,167.67417460775002,168.1601634153097,163.8557430067843,164.78802490234375,45610000
04/30/2024,164.25245175294467,166.7220460143007,161.26713096501757,161.44564819335938,33562900
05/01/2024,162.95319556004813,165.7500714576766,161.7531075684998,162.5167999267578,33493200
05/02/2024,163.43916484164697,165.36326455481128,162.54654844018515,165.25416564941406,24294500
05/03/2024,166.18646385430256,166.5831940285256,161.71343896761203,165.8690948486328,34662400
05/06/2024,166.08730795373265,166.76172661144676,164.6690220425713,166.72206115722656,21871300
05/07/2024,167.1187643454893,170.35203588113026,167.00966543700736,169.84622192382812,28039700
05/08/2024,167.61467198559197,168.75523914384442,167.35680870759575,167.99156188964844,19569100
05/09/2024,168.00146814371737,169.2908147525702,166.80138015076668,168.56680297851562,15346700
05/10/2024,166.65263467214967,168.4577231557963,164.82772102741802,167.26754760742188,29799900
05/13/2024,162.9135222794407,167.89237656675422,162.65565899989346,167.75352478027344,31327600
05/14/2024,168.37837530926814,169.84623930052865,167.41632532705881,168.94369506835938,25127100
05/15/2024,169.23132245178067,171.23475328070515,169.11229582074708,171.0959014892578,26948400
05/16/2024,171.869508596453,173.684509621438,171.27443596883012,172.75221252441406,27867900
05/17/2024,172.7522118435742,174.82509128603235,172.2662381363207,174.61680603027344,24479300
05/20/2024,174.7457452424878,177.30459839219796,174.63664632446375,175.46975708007812,22554400
05/21/2024,175.44989566739218,176.6896490712989,174.36883433127562,176.39212036132812,16989400
05/22/2024,175.1920215691199,175.69783547848618,173.7737510269732,174.9341583251953,17880000
05/23/2024,175.6185460612894,176.78886621440395,171.53230783879025,172.1273956298828,21024900
05/24/2024,173.54562953855606,174.32916213437795,172.22653015180546,173.55555725097656,16579400
05/28/2024,173.01998246270298,175.8168734132129,172.94063642860604,174.95399475097656,20572200
05/29/2024,173.9919356394942,175.39038104034756,173.2877642166244,174.4580841064453,23388700
05/30/2024,173.76383985817733,173.78368015073974,170.38178882747087,170.6991729736328,22931500
05/31/2024,170.451245290867,171.64140573219544,168.05108411296985,171.08599853515625,37638900
06/03/2024,171.12564767729586,173.09934068848278,169.75697011042396,171.75048828125,27459100
06/04/2024,171.85961866905015,172.42495363020495,170.4810131361666,172.3654327392578,26879600
06/05/2024,173.7638369582265,175.2019479039631,172.50424324144495,173.9721221923828,22068500
06/06/2024,174.45811286491957,175.69786641038863,174.3093484929474,175.28131103515625,23251000
06/07/2024,175.5986726101232,176.41194296176616,172.87121516107322,173.0299072265625,19661400
06/10/2024,173.7349014501534,175.81014466476933,171.54049500356726,173.7746124267578,23726700
06/11/2024,174.97607487552963,175.59169348463175,172.54337230776866,175.3732452392578,21540600
06/12/2024,176.99174796777623,179.13650434238232,174.8668546571235,176.5349884033203,27864700
06/13/2024,174.86685975128964,175.49241749987627,173.64554642645388,173.92356872558594,20913300
06/14/2024,172.99018739624864,175.8101362841722,172.92067425165644,175.5420379638672,18063600
06/17/2024,174.2214424940307,177.10096546528717,173.57602172386774,175.98887634277344,19618500
06/18/2024,175.88958192240335,176.13781719186318,172.87104771224654,173.8540496826172,21869900
06/20/2024,174.13206841253606,176.03851342488448,173.7547611134038,175.05551147460938,20160100
06/21/2024,175.75057482727152,179.57340412547137,175.36332840403423,178.3620147705078,57759000
06/24/2024,178.88826202454848,179.61310474396652,177.40877441541713,177.95489501953125,18298000
06/25/2024,178.35205317535076,182.98908571292054,178.15346801046124,182.73092651367188,23130200
06/26/2024,181.34080929470304,183.20752796508148,181.19185906258562,182.5819854736328,19839000
06/27/2024,182.8798679380617,184.7366779293804,182.72100889129027,184.1011962890625,18848900
06/28/2024,183.01887663600002,183.82315635258536,180.67553547170056,180.8641815185547,29156600
07/01/2024,181.7379989393426,182.58200489120532,180.02021516731907,181.6982879638672,16006100
07/02/2024,180.7649192250836,184.2600759255339,180.27837266146466,183.93240356445312,17372500
07/03/2024,183.54516199454144,184.77639921891327,182.7011560285435,184.50831604003906,10242100
07/05/2024,184.54801654082962,189.5127215858847,184.48844250446135,189.2545623779297,20967500
07/08/2024,188.55950207105113,188.8276004007438,186.4544718628467,187.69564819335938,21035900
07/09/2024,188.96660951335545,190.00920064999954,187.38783687416534,187.64599609375,15121400
07/10/2024,187.8147905079295,190.3964432565855,187.69564243220248,189.83045959472656,15952500
07/11/2024,188.50987272919218,189.51273777959946,183.77353946919203,184.2600860595703,25625800
07/12/2024,183.77355005575473,185.78921938031402,183.1877184128902,183.7636260986328,22898400
07/15/2024,183.61466683145176,186.9112385638258,183.61466683145176,185.2133026123047,16474000
07/16/2024,186.03742351335848,187.3480977347005,182.07558352972123,182.6217041015625,18290700
07/17/2024,181.67841945681636,182.2543270659603,178.63008325599765,179.7421875,20734100
07/18/2024,180.64577548557426,181.2117592115202,175.22432531102865,176.4357147216797,25315700
07/19/2024,177.61728826175099,179.01732353591333,175.87964153783852,176.40589904785156,18881900
07/22/2024,179.31519524161143,181.41030116706474,178.95773590808608,180.3875732421875,24100300
07/23/2024,180.76490347036915,182.31388893241848,180.25849388780003,180.50672912597656,36352700
07/24/2024,172.37456144038464,174.9462749610045,170.60712769523397,171.41140747070312,49585200
07/25/2024,171.30218308939462,172.19582391606315,166.00980581766575,166.0991668701172,44852000
07/26/2024,165.9700715547249,166.90343845965242,162.90188769573447,165.82113647460938,41336900
07/29/2024,167.63824201341453,169.22693862858085,166.80417515412134,168.3332977294922,20293800
07/30/2024,169.0383014663059,170.02130347692145,167.25100442280618,169.0879364013672,18959700
07/31/2024,172.01712888344443,173.01999398241156,168.80991808621278,170.32911682128906,25729100
08/01/2024,169.0482167160951,172.82139580223534,167.6878923021726,169.5546112060547,24531400
08/02/2024,165.26510279286998,167.32048278839775,163.50759297707282,165.48355102539062,29130100
08/05/2024,154.4023257364845,163.26928160754815,153.83634209310054,158.1258544921875,53630700
08/06/2024,158.2052897951303,159.4365420774317,155.30590392172098,157.17262268066406,49004600
08/07/2024,160.11173013870962,161.82951376084208,157.3513554761563,157.8180389404297,25138600
08/08/2024,159.37695589283805,162.5345161798724,159.07908571101373,160.88623046875,25578800
08/09/2024,158.88049573069213,162.63381177677473,157.93720474099763,162.51466369628906,28602300
08/12/2024,163.1898806325975,163.73598613275442,160.6975887017958,161.1444091796875,15895300
08/13/2024,162.25648447214553,163.56715864917211,161.81958802944447,163.00119018554688,18551700
08/14/2024,161.25361460284537,162.06783350679044,156.5967339743886,159.23794555664062,40591100
08/15/2024,159.36705153563673,160.49900381900557,158.48333453503372,160.16140747070312,31524300
08/16/2024,160.3302046522989,163.89485965448893,159.99260830608642,161.8096923828125,24208600
08/19/2024,164.1132970310061,165.5133475605536,163.1004929084528,165.4934844970703,22416200
08/20/2024,165.72185564699794,167.44957853320707,165.642433695725,165.9998779296875,18341500
08/21/2024,163.984189478023,165.67220118965227,163.5075820711663,164.67926025390625,22902000
08/22/2024,166.07932072756,166.4069931043409,162.15720646482643,162.6437530517578,22493300
08/23/2024,163.55725630307884,165.00694179876172,162.67353934579646,164.45089721679688,13955700
08/26/2024,165.20553931092914,166.36727853932712,163.29909428347517,164.98709106445312,14190400
08/27/2024,164.6693476557718,165.26511837355505,163.29909924659626,163.5175323486328,11821900
08/28/2024,163.8749983304621,164.43105809322844,160.3897803993729,161.70046997070312,16407400
08/29/2024,163.15015560870546,164.7984415304893,159.11881702129344,160.6380157470703,19699800
08/30/2024,161.472070186267,162.50473737235887,160.54864227379994,162.22671508789062,22123800
09/03/2024,160.57843019098567,160.70751737773818,155.37541355771157,156.24920654296875,38945300
09/04/2024,155.5541664007753,157.87764508845953,154.8591106161364,155.34564208984375,19353800
09/05/2024,155.1966988484402,158.32445729106303,154.87895042005644,156.13006591796875,18688700
09/06/2024,156.1896446256026,156.71590221863735,149.4872919188711,149.85467529296875,37912100
09/09/2024,151.63438731483413,152.51927694187998,146.3747655212842,147.85621643066406,39260500
09/10/2024,149.58618882434916,150.40148807942415,147.4883027750186,147.8064727783203,31118800
09/11/2024,149.0592434246133,150.63017379029483,146.67302891819028,150.29212951660156,29607700
09/12/2024,152.91697508053775,153.9311230962661,151.77356859256676,153.80186462402344,29621500
09/13/2024,154.53761027887018,157.47068534964538,154.318887339598,156.55596923828125,29591200
09/16/2024,156.4068176480649,157.3414231577179,155.7009025392383,157.1525115966797,18379800
09/17/2024,158.107008079676,159.628222536102,157.47068317745328,158.40528869628906,20715600
09/18/2024,158.9421872798641,159.57851220454893,157.68942685128602,158.89247131347656,23677300
09/19/2024,162.77008449382728,162.8496118323656,160.41368126049775,161.20909118652344,26587700
09/20/2024,162.5612924555598,162.78996770160265,161.1295575441582,162.65077209472656,40896400
09/23/2024,163.40640761812853,164.53986181971814,160.74178667068307,160.92076110839844,24150900
09/24/2024,162.09398745781283,162.28289902982328,159.7674258440889,161.3582305908203,23332100
09/25/2024,160.5429462723237,161.87524922923666,160.37392412147798,160.56283569335938,18869200
09/26/2024,162.70049439754706,163.13797065652983,161.34830194759303,161.79571533203125,20319300
09/27/2024,161.87525844392792,164.74866551423864,161.69629915796872,163.0087127685547,21101300
09/30/2024,162.38233858584195,165.19607736347226,162.32267031989335,164.89781188964844,20413900
10/01/2024,166.72722798963838,168.18878935347016,163.63508311957565,166.03125,28338100
10/02/2024,165.46451248473383,166.55820300060364,163.78421304270756,164.90773010253906,17760200
10/03/2024,163.46605818338855,165.6832505879078,162.9788660133771,164.90773010253906,15073100
10/04/2024,167.0950886229922,167.26411075507784,164.52989975669306,166.100830078125,19047400
10/07/2024,166.7570727731855,167.5127039344141,161.81560574950586,162.04428100585938,22463100
10/08/2024,162.99874209117948,163.7841996365162,161.9348782063516,163.43621826171875,23072700
10/09/2024,162.5115774919813,163.89359644421285,158.8228863013817,160.9307098388672,31181800
10/10/2024,159.94638493252756,162.13376610989224,159.4790821511072,161.14944458007812,14144100
10/11/2024,161.19916764793726,162.9589946210884,160.31427801309022,162.30279541015625,15344300
10/14/2024,162.7004954092269,165.27562183830673,162.4618678561569,164.01292419433594,19016100
10/15/2024,164.83813228183462,166.71728049354707,163.68480379630955,164.51004028320312,20247200
10/16/2024,163.58538887396847,164.84810171857748,162.79993114663196,164.21177673339844,16406000
10/17/2024,164.77847983302945,165.4148047545223,161.82553046438127,161.9945526123047,21453400
10/18/2024,162.25307524146882,163.76435267205474,162.14370618061358,162.48175048828125,19757700
10/21/2024,162.01445640921125,163.5555604691452,161.6863492090046,163.12803649902344,20946500
10/22/2024,162.0442467450133,164.81823646722327,162.0442467450133,164.1918487548828,16568100
10/23/2024,163.81405642655295,164.86798338254357,161.00030251118483,161.84542846679688,18280500
10/24/2024,161.89512038935888,162.3922496608961,160.08556255879625,161.78575134277344,22412500
10/25/2024,162.7303165163636,164.63929136354844,162.48175184608664,164.32113647460938,19828900
10/28/2024,167.78114595500233,167.78114595500233,163.00870143582344,165.76280212402344,32138600
10/29/2024,166.76700909757434,169.4018037804766,166.1306841303376,168.705810546875,42169000
10/30/2024,179.6426331826948,180.9749512117023,173.06064622942904,173.45835876464844,68890800
10/31/2024,172.1360161042455,175.8048331883122,170.01824018748218,170.1276092529297,44769000
11/01/2024,169.09355238654865,171.33063403813247,167.91038233009985,170.30653381347656,31796500
11/04/2024,168.95436679599575,169.7497767581588,167.04539198951443,168.26834106445312,21492700
11/05/2024,168.45722424913848,169.55091475770118,167.87061532690117,168.7654571533203,18242100
11/06/2024,172.80214969030013,175.92412112315387,172.50386907265272,175.49658203125,33695500
11/07/2024,176.39144450553113,180.04037221530027,176.17270637176324,179.71226501464844,25352900
11/08/2024,179.6128172813832,179.86138194143007,177.05758046511664,177.32603454589844,22006200
11/11/2024,177.5547178158643,179.5134086393181,177.44534875364968,179.31455993652344,17450400
11/12/2024,178.78758666786376,181.44225527864106,178.3600475857902,180.57723999023438,25134900
11/13/2024,179.42392735486908,179.92105669289288,177.5149373462163,177.85299682617188,23184000
11/14/2024,177.25644065886235,177.79334885525918,173.3191846841435,174.5719451904297,31007500
11/15/2024,172.73255057874763,173.1402002652983,170.236966835199,171.4996795654297,32504600
11/18/2024,172.424337422112,174.4327441914951,171.90731866370794,174.29354858398438,20135300
11/19/2024,172.72258919074153,177.8430144374994,172.56350418840825,177.09732055664062,23434900
11/20/2024,176.32181201959514,176.65985629395433,172.7822539205829,174.96961975097656,18997100
11/21/2024,172.9015782767723,173.1302686962832,162.76014278127062,166.66758728027344,59734400
11/22/2024,164.8978098993039,165.5043083073982,162.95899331574788,163.81405639648438,38604600
11/25/2024,165.13641317917185,167.6618386099698,164.65917328191838,166.6874542236328,33135300
11/26/2024,166.66758166120195,168.84501052303654,166.61786569467208,168.14901733398438,20486700
11/27/2024,168.02970184723952,168.50694172289835,167.0553326761747,168.2583770751953,19266500
11/29/2024,167.53258236969043,168.4572356311654,166.20027942100947,167.97999572753906,14257200
12/02/2024,167.80101718271035,171.0920105058346,167.60216850996696,170.50540161132812,23789100
12/03/2024,170.5054406416943,171.6885958252668,169.86911564054563,170.35629272460938,22248700
12/04/2024,170.16736706139073,173.9057894087997,170.0778874212496,173.36888122558594,31615100
12/05/2024,174.35320380974355,175.04918185581036,171.3406012044101,171.64881896972656,21356200
12/06/2024,171.04230353586647,174.07479526094843,170.8732813965907,173.70692443847656,21462400
12/09/2024,173.15945800345577,175.44886145410123,172.8508718378986,174.56295776367188,25389600
12/10/2024,182.00855531536865,185.502397306232,180.21683563214248,184.31787109375,54813000
12/11/2024,184.4572152451297,194.70981847741263,183.99934063524287,194.5007781982422,67894100
12/12/2024,194.10263323797517,194.28179760891206,190.8277801088796,191.07662963867188,34817500
12/13/2024,190.13098313311997,191.84306905787375,188.7672926142497,188.94647216796875,25143500
12/16/2024,191.98242240358925,198.08421748080238,191.733572884141,195.75498962402344,44934900
12/17/2024,196.34228662818003,200.4930951236226,194.08272855714978,194.5207061767578,43504000
12/18/2024,194.3216274116736,196.09343489769404,186.87605352724106,187.5330047607422,34166100
12/19/2024,190.74815442108678,192.14170577082706,187.51311039837418,187.6425018310547,32265200
12/20/2024,184.925048408463,192.00232914747002,184.3676279309519,190.52914428710938,63462900
12/23/2024,191.73356940291157,194.20216752678672,189.27493498031782,193.7343292236328,25675000
12/24/2024,193.9433748674021,195.20753479003906,192.8882552424337,195.20753479003906,10403300
12/26/2024,194.25194880473947,195.84459196860374,193.48550314170072,194.69989013671875,12046600
12/27/2024,194.05284898883724,194.42115659969988,189.77263428806026,191.8729248046875,18891400
12/30/2024,188.9265638700057,191.66390866604786,188.24968525874627,190.3599395751953,14264700
12/31/2024,190.20065552751936,191.07661064566062,187.64247532502426,188.42884826660156,17466900
01/02/2025,189.7726449747486,191.11643850843902,186.63714698089748,188.55825805664062,20370800
01/03/2025,190.48934425629204,192.32088844513342,189.10574139792004,190.90740966796875,18596200
01/06/2025,193.08731986382298,197.30781329054136,192.9579284385956,195.96401977539062,29563600
01/07/2025,196.2029178508013,200.07501580789895,193.70447411630906,194.5903778076172,26487200
01/08/2025,191.68381035591298,195.38667713957392,191.49468229567276,193.0574493408203,24864800
01/10/2025,193.40585949210492,195.61564455345277,189.4342154897214,191.15625,26665200
01/13/2025,189.19532001022134,190.3001972959748,186.49778453538255,190.1309814453125,21823700
01/14/2025,190.3599316953501,191.09651654383717,187.44340746260227,188.78720092773438,17174900
01/15/2025,192.20142977574318,195.45638605757955,190.97709427450172,194.65011596679688,21776000
01/16/2025,193.2465827004133,194.58041248274841,191.92270143099617,192.02224731445312,17815400
01/17/2025,195.6255822249555,196.32235783888785,192.85837679493184,195.0980224609375,27735100
01/21/2025,198.1539212272468,201.3590893649602,196.95943127097462,197.13861083984375,29971300
01/22/2025,198.14396525660933,199.5574288922106,196.6210072103629,197.45713806152344,26200600
01/23/2025,197.22819130144518,199.3782549776066,194.30171827365388,197.0689239501953,26951400
01/24/2025,197.18836001713137,199.97546240962188,197.08881413658432,199.2886505126953,23877500
01/27/2025,191.5245520643281,195.97398278636885,189.85227535828872,190.92730712890625,41728900
01/28/2025,191.86297701391987,194.58040947836048,189.80249572901596,194.4012451171875,24157900
01/29/2025,194.66004582386458,195.88438120776217,192.5398430560715,194.5107421875,18218300
01/30/2025,197.08882990069444,200.47317747002577,196.76034669489817,199.94561767578125,24354700
01/31/2025,201.0704225036096,204.5344037474068,200.87134591508243,203.0811309814453,32001100
02/03/2025,199.76644678798675,202.8123625387659,199.17916555521708,200.303955078125,27838300
02/04/2025,202.4540365472158,206.09719755510824,201.8767037764101,205.43028259277344,43856400
02/05/2025,190.19072588273337,191.86298743209488,187.16470709545553,190.44952392578125,70373900
02/06/2025,188.62793494754752,191.21597601434,187.85152566522362,190.71827697753906,29297400
02/07/2025,190.1708212328695,190.3002126652559,182.39676404459453,184.48709106445312,49315000
02/10/2025,186.4878479252447,187.33392723255807,185.00469922620795,185.6118927001953,23105600
02/11/2025,184.17851963260873,186.07973375626966,183.43197101543439,184.46719360351562,21239500
02/12/2025,182.37684051579572,184.25814231125668,180.9932377687485,182.76504516601562,22072600
02/13/2025,183.47179995722882,185.42277188580212,182.2972222059454,185.28341674804688,21402500
02/14/2025,184.20837813225802,185.54220800020582,183.4717932262479,184.37759399414062,20448400
02/18/2025,184.74588137416617,185.10422527431422,180.90364435146645,182.92430114746094,29916700
02/19/2025,183.22292953180167,184.6065322377559,182.74512752374517,184.4174041748047,19549400
02/20/2025,183.9495791218272,184.4572267048234,181.87914917011352,183.71067810058594,20441500
02/21/2025,184.29796286054517,184.48709094071828,178.255903940123,178.83323669433594,35199200
02/24/2025,181.15250613186586,182.27729565940143,178.06676593885823,178.42510986328125,29854200
02/25/2025,177.22067008112575,177.91746089820734,173.88609557732903,174.61273193359375,41913400
02/26/2025,174.2643473971189,175.26969397988614,170.79040266509935,171.9351043701172,35431300
02/27/2025,173.18930410602178,173.75667306999136,167.1671431468142,167.7245635986328,39991000
02/28/2025,167.90372554984629,169.8248515673105,166.00252693353565,169.49636840820312,48130600
03/03/2025,171.1387811939385,172.57215683074952,165.1663928329386,166.24142456054688,40770500
03/04/2025,165.47499722472898,172.49254217135646,165.03701959982106,170.13345336914062,45388000
03/05/2025,169.73529012314535,172.98028249678805,168.2820021982634,172.22378540039062,30954900
03/06/2025,169.7452527625135,174.00555581661285,169.71539203178713,171.556884765625,28302000
03/07/2025,170.4718800246714,174.1648138078256,169.48644558654738,173.05992126464844,27385800
03/10/2025,167.6785699397653,167.87789100205225,163.12436954047675,165.2968292236328,43604000
03/11/2025,164.34016388069963,166.17380218640486,160.81238769070245,163.47315979003906,39587400
03/12/2025,166.00437964443265,167.06071434970798,162.96491596959018,166.5325469970703,28372400
03/13/2025,165.4662354123983,165.55593597038603,161.54982298434425,162.19757080078125,31756200
03/14/2025,162.70583694230132,165.91471168879448,161.88866309227078,164.9181671142578,31995900
03/17/2025,164.4597537744784,165.72536967150563,163.10445251309577,163.72230529785156,31184300
03/18/2025,163.11438513260956,163.68242275706862,156.17844440971348,160.1147918701172,42074800
03/19/2025,161.20102488744715,165.29682318848322,160.44365657902026,163.32366943359375,34275600
03/20/2025,161.0117117252994,164.32023175461748,160.4038189359583,162.23745727539062,28138500
03/21/2025,160.65296231959232,163.6724912535671,160.33406074736575,163.42335510253906,36625800
03/24/2025,166.492708348571,167.7383890591239,164.56936942432435,167.1005859375,30879100
03/25/2025,168.3960847024039,170.04039224469534,167.7383768915496,169.9706268310547,24174400
03/26/2025,168.41602720143118,169.0239199788623,164.27039826701778,164.48963928222656,28901600
03/27/2025,164.06113851285755,164.84840203770966,161.44022141043914,161.6793975830078,24508300
03/28/2025,159.93545636481977,161.26086257414812,153.09915945705842,153.79673767089844,48669300
03/31/2025,152.58092477046202,155.0025205393741,150.13939385440554,154.1056365966797,54603500
04/01/2025,153.08917642482464,157.55370717648853,153.08917642482464,156.5272674560547,30672900
04/02/2025,154.61386135810304,157.86260591341835,154.16541940835015,156.49732971191406,25041700
04/03/2025,150.58783997911712,152.25206746912303,149.87032672274708,150.19918823242188,46883400
04/04/2025,147.49855413182192,150.54799324363788,144.8776522919314,145.09689331054688,62259500
04/07/2025,141.06087632952463,152.3218321659185,140.04439668677543,146.24290466308594,76794100
04/08/2025,150.69745588802078,151.7139355045659,142.5357542501846,144.19998168945312,52200200
04/09/2025,143.9209605893895,158.99868434001036,143.41272834835817,158.16159057617188,70406200
04/10/2025,155.99906254121734,157.17499290712513,149.41190307502956,152.29193115234375,48022000
04/11/2025,152.37166086891528,157.12518279409443,152.29195068350106,156.59701538085938,33636200
04/14/2025,159.44711904636745,161.16117679260088,157.0155480479404,158.5203399658203,30333000
04/15/2025,158.58014524074957,159.09833747842598,154.6736922783896,155.76988220214844,27551500
04/16/2025,152.57096991980188,155.35132240030543,150.98645259897873,152.8001708984375,28187400
04/17/2025,153.75683862644127,154.14549035907424,147.98685287180376,150.63766479492188,33046600
04/21/2025,148.36555457655837,148.43530478654532,145.59516199807078,147.15972900390625,26049100
04/22/2025,148.37550764431742,151.66410748339032,148.02671099242252,150.94659423828125,26971800
04/23/2025,155.07229801307963,156.98566172409713,153.27851478210604,154.81320190429688,31128800
04/24/2025,155.6104249592094,159.03854063446718,155.2516683139833,158.7296142578125,45894000
04/25/2025,164.49961422965615,165.52605388757996,160.4835257508864,161.40036010742188,56034000
04/28/2025,161.86871096281394,162.58622419769722,158.05195902405725,160.0550079345703,29745800
04/29/2025,159.76603342291708,160.18458031932272,156.97570557414937,159.60658264160156,26809000
04/30/2025,157.43410788690483,158.71965890557001,154.86302105563792,158.25128173828125,34981100
05/01/2025,159.8955611021286,161.39037784388623,158.36088927125815,160.7426300048828,30203200
05/02/2025,162.84534306658284,164.39995007912242,161.3106559960053,163.46319580078125,25715000
05/05/2025,162.436752596043,164.81849332954616,162.15772135408076,163.642578125,21341800
05/06/2025,161.60963501178307,164.23055216038995,160.63302556719455,162.6659698486328,21277200
05/07/2025,163.5130144970414,164.4298335624806,147.32912722252786,150.85690307617188,127490100
05/08/2025,154.464415807346,155.3911950032793,152.37166602688535,153.7469024658203,57498700
05/09/2025,153.63725929306102,154.51422329361623,151.674065468403,152.22216796875,32435300
05/12/2025,156.94579570580373,158.55023292762746,155.7100750758197,157.91244506835938,44138800
05/13/2025,158.24131128306263,160.0151746711756,155.62040930962155,158.978759765625,42382100
05/14/2025,159.4072742222668,166.4229412214118,159.0584775444673,164.79856872558594,48755900
05/15/2025,165.26694125278715,165.6356730691148,161.80893051621783,163.39344787597656,33146700
05/16/2025,167.15039440077075,168.76480673115492,165.04768502743337,165.61572265625,42846900
05/19/2025,163.94152401470697,166.06416858529283,163.65253281131433,165.96450805664062,30426100
05/20/2025,165.8548915457752,167.91774593119885,162.337090725838,163.41336059570312,46607700
05/21/2025,163.12438701474937,172.54173038625467,162.99483135159699,167.97755432128906,73416000
05/22/2025,171.25618084668935,176.15917803179707,170.12012070875053,170.27955627441406,74864400
